護手霜	1,2,3
護手乳	1,2,3
手部修護霜	1,2,3
美手滋養霜	1,2,3
手肘套	1,2,3
指緣油	1,2,3
光療機	1,2,3
光療燈	1,2,3
潤手霜	1,2,3
私密露	1,2,4
私密凝露	1,2,4
私密凝膠	1,2,4
私密噴霧	1,2,4
私密噴劑	1,2,4
私密清潔液	1,2,4
私密保養	1,2,4
私密清潔乳	1,2,4
私密保養沐浴	1,2,4
私密慕斯	1,2,4
美乳霜	1,2,4
私密潔膚露	1,2,4
乳暈霜	1,2,4
足貼	1,2,5
足膜	1,2,5
足浴桶	1,2,5
足部噴霧	1,2,5
足部凝膠	1,2,5
足部清潔刷	1,2,5
護足霜	1,2,5
足部修護霜	1,2,5
足部修護膏	1,2,5
護腳墊	1,2,5
止汗噴霧	1,2,5
磨皮機	1,2,5
磨腳器	1,2,5
磨皮器	1,2,5
護腳襪	1,2,5
美腳機	1,2,5
腳部護理乳霜	1,2,5
潤膚乳	1,2,6
潤膚油	1,2,6
潤膚霜	1,2,6
潤膚露	1,2,6
美體乳	1,2,6
美體霜	1,2,6
美體精華	1,2,6
柔膚乳	1,2,6
嬰兒乳	1,2,6
爽身乳	1,2,6
身體乳	1,2,6
身體乳液	1,2,6
身體護理油	1,2,6
身體磨砂	1,2,6
身體乳霜	1,2,6
身體芳香噴霧	1,2,6
身體保養慕斯	1,2,6
身體精油	1,2,6
煥膚凝膠	1,2,6
磨砂膏	1,2,6
防曬乳	1,2,6
沐浴乳	1,2,7
清潔露	1,2,7
潔膚露	1,2,7
身體潔淨露	1,2,7
沐浴露	1,2,7
沐浴球	1,2,7
沐浴膠	1,2,7
沐浴精	1,2,7
皂	1,2,7
沐浴皂	1,2,7
肥皂	1,2,7
香皂	1,2,7
護膚皂	1,2,7
護理皂	1,2,7
美機皂	1,2,7
潔手液	1,2,7
洗手乳	1,2,7
洗手液	1,2,7
潔膚濕巾	1,2,7
搓澡	1,2,7
磨砂膏	1,2,7
泡泡浴	1,2,7
舉重量訓練球	1,2,8
鼻毛剪	1,2,8
鼻毛修剪器	1,2,8
健美輪	1,2,8
洗面乳	1,2,9
沐浴乳	1,2,9
沐浴露	1,2,9
潔顏	1,2,9
洗髮乳	1,2,9
潔面霜	1,2,9
凝膠	1,2,10
眼霜	1,2,10
香膏	1,2,10
刮鬍水	1,2,10
調理露	1,2,10
煥顏乳	1,2,10
乳液	1,2,10
活膚精華	1,2,10
眼膠	1,2,10
面膜	1,2,10
精華液	1,2,10
潔面膠	1,2,10
潔顏霜	1,2,10
舒緩乳霜	1,2,10
制汗體香膏	1,2,10
制汗體香劑	1,2,10
蒸臉器	1,2,11
潔面儀	1,2,11
洗臉儀	1,2,11
洗臉機	1,2,11
瘦臉儀	1,2,11
睫毛夾	1,2,11
美容儀	1,2,11
面膜儀	1,2,11
掃斑機	1,2,11
電動牙刷	1,2,11
沖牙機	1,2,11
補水儀	1,2,11
牙線機	1,2,11
美齒貼片	1,2,12
美齒精華液	1,2,12
美齒橡皮擦	1,2,12
白牙膏	1,2,12
美齒燈	1,2,12
美齒儀	1,2,12
齒粉	1,2,12
美顏錠	1,2,13
口含錠	1,2,13
胺基酸膠囊	1,2,14
奇亞籽	1,2,14
蒟蒻	1,2,14
代謝可可	1,2,14
優格粉	1,2,14
低卡餐	1,2,14
胺基酸錠	1,2,14
泡腳機	1,2,15
按摩墊	1,2,15
按摩器材	1,2,15
按摩棒	1,2,15
按摩啞鈴	1,2,15
按摩毯	1,2,15
按摩器	1,2,15
健身車	1,2,15
伸展機	1,2,15
拍痧板	1,2,15
復健球	1,2,15
瑜珈圈	1,2,15
瑜珈墊	1,2,15
瑜珈枕	1,2,15
刮痧片	1,2,15
刮痧板	1,2,15
拉筋板	1,2,15
足筋板	1,2,15
牽引機	1,2,15
健腹機	1,2,15
美體刷	1,2,15
彈力帶	1,2,15
除毛刀	1,2,15
美體刀	1,2,15
刮毛刀	1,2,15
除毛器	1,2,15
唇棒	1,2,16
護唇膏	1,2,16
潤唇膏	1,2,16
唇膜	1,2,16
唇部護理膏	1,2,16
唇凍膏	1,2,16
潤唇球	1,2,16
護唇蜜	1,2,16
眼膜	1,2,982
眼霜	1,2,982
舒眼按摩筆	1,2,982
舒眼罩	1,2,982
眼部精華	1,2,982
眼部乳霜	1,2,982
眼凝露	1,2,982
纖體霜	1,2,17
美體霜	1,2,17
美體乳液	1,2,17
緊緻霜	1,2,17
撫紋霜	1,2,17
按摩精油	1,2,17
身體乳	1,2,17
美腿滋潤乳	1,2,17
按摩霜	1,2,17
塑型霜	1,2,17
按摩乳液	1,2,17
美足修復霜	1,2,17
護理膠	1,2,17
緊實霜	1,2,17
美體乳霜	1,2,17
護足霜	1,2,17
護膚油	1,2,17
美膚油	1,2,17
纖體霜	1,2,18
美體霜	1,2,18
美體乳	1,2,18
緊實凝膠	1,2,18
按摩油	1,2,18
按摩霜	1,2,18
纖體霜	1,2,18
護膚油	1,2,18
撫紋霜	1,2,18
美胸霜	1,2,18
磨砂膏	1,2,18
塑身衣	1,2,19
美塑衣	1,2,19
束腰	1,2,19
收腹帶	1,2,19
收腹褲	1,2,19
塑衣	1,2,19
束褲	1,2,19
美體衣	1,2,19
塑身內衣	1,2,19
塑身襪	1,2,19
收腹褲襪	1,2,19
美腿襪	1,2,19
美腿褲襪	1,2,19
壓力褲襪	1,2,19
馬甲	1,2,19
染髮霜	1,21,22
染髮乳	1,21,22
染髮劑	1,21,22
染髮筆	1,21,22
染髮粉	1,21,22
髮染	1,21,22
染髮噴霧	1,21,22
電推剪	1,21,23
電推子	1,21,23
電捲棒	1,21,23
髮梳	1,21,23
梳	1,21,23
夾板	1,21,23
捲髮棒	1,21,23
吹風機	1,21,23
修護染	1,21,24
修護素	1,21,24
髮油	1,21,24
護髮霜	1,21,24
護髮素	1,21,24
護髮油	1,21,24
護髮精油	1,21,24
護髮精華	1,21,24
洗髮精	1,21,24
髮膜	1,21,24
洗髮露	1,21,24
順髮液	1,21,24
潤髮乳	1,21,24
頭皮精華液	1,21,24
乾洗髮	1,21,24
假馬尾	1,21,25
髮片	1,21,25
假髮	1,21,25
剃毛器	1,21,27
除毛刀	1,21,27
脫毛儀	1,21,27
剃毛機	1,21,27
刮毛機	1,21,27
擴香瓶	1,21,28
精油	1,21,28
香氛蠟燭	1,21,28
薰香	1,21,28
檀香	1,21,28
香氛包	1,21,28
香薰機	1,21,28
香氛蠟燭	1,21,28
按摩油	1,21,28
髮飾	1,21,29
髮夾	1,21,29
馬尾夾	1,21,29
髮帶	1,21,29
髮圈	1,21,29
髮雕	1,21,30
髮品	1,21,30
髮蠟	1,21,30
定型霧	1,21,30
定型液	1,21,30
造型噴霧	1,21,30
定型噴霧	1,21,30
髮妝水	1,21,30
定型慕斯	1,21,30
塑型膠	1,21,30
造型乳液	1,21,30
髮泥	1,21,30
髮粉	1,21,30
捲度慕斯	1,21,30
直髮膏	1,21,30
造型凝露	1,21,30
型土	1,21,30
順髮露	1,21,30
蓬蓬粉	1,21,30
素顏霜	1,32,33
妝前乳	1,32,33
持妝乳	1,32,33
BB霜	1,32,33
CC霜	1,32,33
腮紅霜	1,32,33
氣墊粉餅	1,32,33
飾底乳	1,32,33
眉粉	1,32,33
眉膏	1,32,33
眉筆	1,32,33
眉膠	1,32,33
眉影盤	1,32,33
眉彩筆	1,32,33
睫毛膏	1,32,33
眼線膠	1,32,33
眼線膠筆	1,32,33
眼膠筆	1,32,33
眼線液	1,32,33
眼線液筆	1,32,33
粉底液	1,32,33
粉餅	1,32,33
口紅	1,32,33
唇彩	1,32,33
唇蜜	1,32,33
唇釉	1,32,33
唇膏	1,32,33
遮瑕膏	1,32,33
腮紅	1,32,33
眼影	1,32,33
蜜粉	1,32,33
蜜粉底	1,32,33
蜜粉餅	1,32,33
定裝噴霧	1,32,33
修容筆	1,32,33
修容餅	1,32,33
鼻影	1,32,33
修容膏	1,32,33
打亮餅	1,32,33
打亮盒	1,32,33
打亮液	1,32,33
打亮乳	1,32,33
粉凝霜	1,32,33
粉條	1,32,33
氣墊霜	1,32,33
粉餅精華	1,32,33
彩妝盤	1,32,33
睫毛夾	1,32,33
化妝海綿	1,32,33
海綿蛋	1,32,33
刷具	1,32,33
雙眼皮貼	1,32,33
假睫毛	1,32,33
面膜	1,32,33
精華	1,32,33
精華液	1,32,33
精華露	1,32,33
化妝水	1,32,33
保濕噴霧	1,32,33
保濕凝露	1,32,33
保濕精華	1,32,33
保濕凝膠	1,32,33
收斂水	1,32,33
前導液	1,32,33
晚安凍膜	1,32,33
美容液	1,32,33
精華膠囊	1,32,33
青春露	1,32,33
調理乳	1,32,33
眼霜	1,32,33
安瓶	1,32,33
化妝海綿	1,32,33
海綿蛋	1,32,33
刷具	1,32,33
雙眼皮貼	1,32,33
假睫毛	1,32,33
香精	1,32,34
香水	1,32,34
古龍水	1,32,34
香膏	1,32,34
香粉	1,32,34
爽身粉	1,32,34
香氛噴霧	1,32,34
香水滾珠筆	1,32,34
香氛	1,32,34
沙龍護膚	1,32,35
隔離乳	1,38,39
防曬霜	1,38,39
防曬乳	1,38,39
防曬凝乳	1,38,39
防曬乳霜	1,38,39
防曬精華	1,38,39
防曬噴霧	1,38,39
妝前乳	1,38,39
素顏霜	1,38,40
妝前乳	1,38,40
持妝乳	1,38,40
BB霜	1,38,40
CC霜	1,38,40
腮紅霜	1,38,40
氣墊粉餅	1,38,40
飾底乳	1,38,40
眉粉	1,38,40
眉膏	1,38,40
眉筆	1,38,40
眉膠	1,38,40
眉影盤	1,38,40
眉彩筆	1,38,40
睫毛膏	1,38,40
眼線膠	1,38,40
眼線膠筆	1,38,40
眼膠筆	1,38,40
眼線液	1,38,40
眼線液筆	1,38,40
粉底液	1,38,40
粉餅	1,38,40
口紅	1,38,40
唇彩	1,38,40
唇蜜	1,38,40
唇釉	1,38,40
唇膏	1,38,40
遮瑕膏	1,38,40
腮紅	1,38,40
眼影	1,38,40
蜜粉	1,38,40
蜜粉底	1,38,40
蜜粉餅	1,38,40
定裝噴霧	1,38,40
修容筆	1,38,40
修容餅	1,38,40
鼻影	1,38,40
修容膏	1,38,40
打亮餅	1,38,40
打亮盒	1,38,40
打亮液	1,38,40
打亮乳	1,38,40
粉凝霜	1,38,40
粉條	1,38,40
氣墊霜	1,38,40
粉餅精華	1,38,40
彩妝盤	1,38,40
睫毛夾	1,38,40
化妝海綿	1,38,40
海綿蛋	1,38,40
刷具	1,38,40
雙眼皮貼	1,38,40
假睫毛	1,38,40
化妝海綿	1,38,40
海綿蛋	1,38,40
刷具	1,38,40
雙眼皮貼	1,38,40
假睫毛	1,38,40
化妝棉	1,38,41
卸妝棉	1,38,41
蒸臉器	1,38,41
蒸臉機	1,38,41
潔面儀	1,38,41
洗臉儀	1,38,41
洗臉機	1,38,41
瘦臉儀	1,38,41
睫毛夾	1,38,41
美容儀	1,38,41
面膜儀	1,38,41
掃斑機	1,38,41
潔面刷	1,38,41
耳扒	1,38,41
指甲剪	1,38,41
挖耳棒	1,38,41
挖耳勺	1,38,41
粉刺夾	1,38,41
修眉刀	1,38,41
化妝鏡	1,38,41
電動牙刷	1,38,41
沖牙機	1,38,41
補水儀	1,38,41
牙線機	1,38,41
電鬍刀	1,38,41
面膜	1,38,42
精華	1,38,42
精華液	1,38,42
精華露	1,38,42
化妝水	1,38,42
保濕噴霧	1,38,42
保濕凝露	1,38,42
保濕精華	1,38,42
保濕凝膠	1,38,42
收斂水	1,38,42
前導液	1,38,42
晚安凍膜	1,38,42
美容液	1,38,42
精華膠囊	1,38,42
青春露	1,38,42
調理乳	1,38,42
眼霜	1,38,42
安瓶	1,38,42
洗面乳	1,38,43
洗面露	1,38,43
洗顏	1,38,43
洗顏霜	1,38,43
潔顏粉	1,38,43
潔顏乳	1,38,43
潔顏霜	1,38,43
潔面霜	1,38,43
潔面泥	1,38,43
潔顏慕斯	1,38,43
洗面皂	1,38,43
卸妝水	1,38,43
卸妝乳	1,38,43
卸妝油	1,38,43
卸妝凝露	1,38,43
妙鼻貼	1,38,43
臉部去角質	1,38,43
醫美	1,38,44
頸紋霜	1,38,45
頸霜	1,38,45
瘦臉貼	1,38,45
家居服	47,48,49
七分褲	47,48,49
睡衣	47,48,49
睡裙	47,48,49
睡袍	47,48,49
套裝	47,48,49
過膝長裙	47,48,49
內衣	47,48,50
內褲	47,48,50
平口褲	47,48,50
三角褲	47,48,50
平角褲	47,48,50
旗袍	47,48,52
薄紗	47,48,52
襯衫	47,48,52
制服	47,48,52
女僕裝	47,48,52
浴袍	47,48,52
和服	47,48,52
襦裙	47,48,52
內衣	47,48,53
內褲	47,48,53
修飾褲	47,48,53
襯裙	47,48,53
胸罩	47,48,53
爆汗褲	47,48,53
美體褲	47,48,53
內衣	47,48,54
胸貼	47,48,54
胸罩	47,48,54
文胸	47,48,54
隱形胸罩	47,48,54
隱形內衣	47,48,54
內褲	47,48,55
丁字褲	47,48,55
三角褲	47,48,55
生理褲	47,48,55
無痕褲	47,48,55
平角褲	47,48,55
打底褲	47,48,55
無縫褲	47,48,55
內衣	47,48,56
胸罩	47,48,56
文胸	47,48,56
三角褲	47,48,56
內褲	47,48,56
抹胸	47,48,56
馬甲	47,48,57
矯正帶	47,48,57
內衣	47,48,57
睡衣	47,48,57
情趣睡衣	47,48,58
學生服	47,48,58
水手服	47,48,58
制服	47,48,58
睡裙	47,48,58
和服	47,48,58
浴袍	47,48,58
毛衣	47,48,58
旗袍	47,48,58
肚兜	47,48,58
連衣裙	47,48,58
短裙	47,48,58
情趣內衣	47,48,58
運動內衣	47,48,59
文胸	47,48,59
背心	47,48,59
束胸	47,48,59
運動BRA	47,48,59
內衣	47,48,59
睡衣	47,48,60
居家服	47,48,60
睡裙	47,48,60
睡袍	47,48,60
長裙	47,48,60
四角內褲	47,48,61
運動BRA	47,48,61
小可愛	47,48,61
背心	47,48,61
衛生衣	47,48,61
一次性內褲	47,48,61
免洗短褲	47,48,61
衛生褲	47,48,61
打底衫	47,48,61
塑身衣	47,48,62
收腹帶	47,48,62
束腰帶	47,48,62
腰封	47,48,62
瘦身衣	47,48,62
美體衣	47,48,62
束身衣	47,48,62
收腹帶	47,48,62
束縛帶	47,48,62
提臀內褲	47,48,62
塑褲	47,48,62
收腹內褲	47,48,62
束腹褲	47,48,62
收腹褲	47,48,62
塑身褲	47,48,62
束腹帶	47,48,62
塑身帶	47,48,62
腰夾	47,48,62
護腰帶	47,48,62
綁腹帶	47,48,62
褲襪	47,48,64
絲襪	47,48,64
中筒襪	47,48,64
保暖襪	47,48,64
長襪	47,48,64
短襪	47,48,64
襪套	47,48,64
及膝襪	47,48,64
高筒襪	47,48,64
過膝襪	47,48,64
船襪	47,48,64
襪子	47,48,64
背心	47,65,66
上衣	47,65,66
襯衫	47,65,66
T恤	47,65,66
連身裙	47,65,66
打底衫	47,65,66
針織衫，連帽衣	47,65,66
外套	47,65,67
大衣	47,65,67
風衣	47,65,67
防風外套	47,65,67
短外套	47,65,67
牛仔外套	47,65,67
連帽外套	47,65,67
保暖外套	47,65,67
棒球外套	47,65,67
西裝外套	47,65,67
防曬外套	47,65,67
過膝外套	47,65,67
長版外套	47,65,67
背心	47,65,67
洋裝	47,65,68
裙子	47,65,68
連身裙	47,65,68
A字裙	47,65,68
襯衫裙	47,65,68
長洋裝	47,65,68
連衣裙	47,65,68
背心裙	47,65,68
長裙	47,65,68
連衣裙	47,65,68
長裙	47,65,69
紗裙	47,65,69
包臀裙	47,65,69
沙灘裙	47,65,69
連衣裙	47,65,69
A字裙	47,65,69
蛋糕裙	47,65,69
百褶裙	47,65,69
連身裙	47,65,69
吊帶裙	47,65,69
洋裝	47,65,69
魚尾裙	47,65,69
小禮服	47,65,69
內搭褲	47,65,70
長褲	47,65,70
鉛筆褲	47,65,70
西裝褲	47,65,70
喇叭褲	47,65,70
窄管褲	47,65,70
襯褲	47,65,70
七分褲	47,65,70
牛仔褲	47,65,70
寬版褲	47,65,70
直筒褲	47,65,70
短褲	47,65,70
九分褲	47,65,70
運動褲	47,65,70
孕婦褲	47,65,70
皮褲	47,65,70
褲裙	47,65,70
連身褲	47,65,70
寬褲	47,65,70
瑜珈褲	47,65,70
睡衣	47,65,71
背心	47,65,72
馬甲	47,65,72
外套	47,65,72
針織衫	47,65,72
套頭毛衣	47,65,72
打底衫	47,65,72
吊帶裙	47,65,72
小可愛	47,65,72
背心裙	47,65,72
毛衣	47,65,72
套裝	47,65,73
闊腿褲	47,65,73
襯衫	47,65,73
西裝外套	47,65,73
短褲	47,65,73
連衣裙	47,65,73
T恤	47,65,73
上衣	47,65,73
背心裙	47,65,73
A字裙	47,65,73
吊帶裙	47,65,73
牛仔外套	47,65,73
寬褲	47,65,73
長褲	47,65,73
馬甲	47,65,73
背帶褲	47,65,73
禮服	47,65,74
連身裙	47,65,74
洋裝	47,65,74
長裙	47,65,74
晚禮服	47,65,74
小禮服	47,65,74
小洋裝	47,65,74
背心	47,65,74
旗袍	47,65,74
背心	47,65,75
上衣	47,65,75
襯衫	47,65,75
打底衫	47,65,75
連身裙	47,65,75
洋裝	47,65,75
T恤	47,65,75
連帽上衣	47,65,75
吊帶衫	47,65,75
大衣	47,65,76
外套	47,65,76
風衣	47,65,76
斗篷	47,65,76
披風	47,65,76
棒球外套	47,65,76
背心	47,65,76
連帽外套	47,65,76
洋裝	47,65,77
旗袍	47,65,77
連身裙	47,65,77
睡裙	47,65,77
打底裙	47,65,77
沙灘裙	47,65,77
晚禮服	47,65,77
長裙	47,65,77
小禮服	47,65,77
長裙	47,65,78
紗裙	47,65,78
打底裙	47,65,78
包臀裙	47,65,78
荷葉裙	47,65,78
連身裙	47,65,78
A字裙	47,65,78
背帶裙	47,65,78
洋裝	47,65,78
長褲	47,65,79
喇叭褲	47,65,79
窄管褲	47,65,79
牛仔褲	47,65,79
九分褲	47,65,79
闊腿褲	47,65,79
直筒褲	47,65,79
褲裙	47,65,79
西裝褲	47,65,79
燈籠褲	47,65,79
短褲	47,65,79
內搭褲	47,65,79
七分褲	47,65,79
背帶褲	47,65,79
連身褲	47,65,79
鉛筆褲	47,65,79
上衣	47,65,80
毛衣	47,65,80
斗篷	47,65,80
大尺碼	47,65,80
大學T	47,81,82
上衣	47,81,82
背心	47,81,82
運動褲	47,81,82
T恤	47,81,82
海灘褲	47,81,82
七分褲	47,81,82
長褲	47,81,82
四角褲	47,81,82
長褲	47,81,82
居家服	47,81,82
飛鼠褲	47,81,82
束口褲	47,81,82
打底衫	47,81,82
三角褲	47,81,82
POLO衫	47,81,83
T恤	47,81,83
打底衫	47,81,83
衛生衣	47,81,83
襯衫	47,81,83
T恤	47,81,84
打底衫	47,81,84
大學T	47,81,84
連帽T恤	47,81,84
外套	47,81,84
POLO衫	47,81,84
襯衫	47,81,85
夾克	47,81,85
毛衣	47,81,85
打底衫	47,81,85
T恤	47,81,85
運動褲	47,81,85
九分褲	47,81,85
燈籠褲	47,81,85
九分褲	47,81,85
直筒褲	47,81,85
長褲	47,81,85
外套	47,81,85
西裝褲	47,81,85
連帽外套	47,81,85
POLO衫	47,81,85
風衣	47,81,85
大學T	47,81,85
平角褲	47,81,86
四角褲	47,81,86
內褲	47,81,86
居家服	47,81,86
丁字褲	47,81,86
睡衣	47,81,86
背心	47,81,86
內衣	47,81,86
睡袍	47,81,86
毛衣	47,81,87
打底衫	47,81,87
背心	47,81,87
襯衫	47,81,87
上衣	47,81,87
外套	47,81,87
直筒褲	47,81,88
牛仔褲	47,81,88
丹寧褲	47,81,88
直筒褲	47,81,88
長褲	47,81,88
束口褲	47,81,88
短褲	47,81,88
窄管褲	47,81,88
五分褲	47,81,88
加熱衣	47,81,89
馬甲	47,81,89
中山裝	47,81,89
外套	47,81,89
七分褲	47,81,89
上衣	47,81,89
風衣	47,81,89
外套	47,81,89
直筒褲	47,81,89
長褲	47,81,89
九分褲	47,81,89
大衣	47,81,89
束腳褲.哈倫褲	47,81,89
夾克	47,81,89
五分褲	47,81,89
打底衫	47,81,89
T恤	47,81,89
牛仔褲	47,81,89
工作褲	47,81,90
休閒褲	47,81,90
運動褲	47,81,90
束口褲	47,81,90
直筒褲	47,81,90
縮口褲	47,81,90
長褲	47,81,90
牛仔褲	47,81,90
哈倫褲	47,81,90
束腳褲	47,81,90
九分褲	47,81,90
丹寧褲	47,81,90
燈籠褲	47,81,90
窄管褲	47,81,90
西裝	47,81,91
馬甲	47,81,91
長褲	47,81,91
背心	47,81,91
長褲	47,81,91
西裝褲	47,81,91
西裝外套	47,81,91
九分褲	47,81,91
直筒褲	47,81,91
外套	47,81,91
休閒褲	47,81,91
夾克	47,81,91
五分褲	47,81,91
禮服	47,81,91
連帽T	47,81,92
滑板褲	47,81,92
夾克	47,81,92
T恤	47,81,92
背心	47,81,92
襯衫	47,81,92
直筒褲	47,81,92
牛仔褲	47,81,92
束口褲	47,81,92
POLO衫	47,81,92
運動褲	47,81,92
大衣	47,81,92
外套	47,81,92
浴巾	47,81,92
毛帽	47,81,92
寬口褲	47,81,92
縮口褲	47,81,92
哈倫褲	47,81,92
風衣	47,81,92
手鍊	47,81,969
手環	47,81,969
手串	47,81,969
手鐲	47,81,969
領結	47,81,969
蝴蝶結	47,81,969
領花	47,81,969
皮帶	47,81,969
背心	47,81,95
馬甲	47,81,95
打底衫	47,81,95
外套	47,81,95
上衣	47,81,95
內衣	47,81,95
T恤	47,81,95
T恤	47,81,96
毛衣	47,81,96
襯衫	47,81,96
POLO衫	47,81,96
打底衫	47,81,96
上衣	47,81,96
帽T	47,81,96
大學T	47,81,96
外套	47,81,96
T恤	47,81,97
大學T	47,81,97
三角褲	47,81,97
制服	47,81,97
外套	47,81,97
毛衣	47,81,97
連帽衫	47,81,97
連帽T	47,81,97
睡衣	47,81,97
居家服	47,81,97
襯衫	47,81,97
外套	47,81,98
長褲	47,81,98
T恤	47,81,98
毛衣	47,81,98
休閒褲	47,81,98
工作褲	47,81,98
運動褲	47,81,98
打底衫	47,81,98
運動服	47,81,98
風衣	47,81,98
短褲	47,81,98
五分褲	47,81,98
外套	47,81,99
西裝	47,81,99
馬甲	47,81,99
背心	47,81,99
連帽外套	47,81,99
斗篷	47,81,99
罩衫	47,81,99
大衣	47,81,99
風衣	47,81,99
夾克	47,81,99
短襪	47,81,100
中筒襪	47,81,100
隱形襪	47,81,100
船襪	47,81,100
低筒襪	47,81,100
腳踝襪	47,81,100
襯衫	47,81,101
九分褲	47,81,102
燈籠褲	47,81,102
休閒褲	47,81,102
運動褲	47,81,102
休閒褲	47,81,102
外套	47,81,102
T恤	47,81,102
上衣	47,81,102
打底衫	47,81,102
連帽T	47,81,102
馬甲	47,81,102
背心	47,81,102
睡褲	47,81,102
居家服	47,81,102
睡衣	47,81,102
上衣	47,103,104
T恤	47,103,104
襯衫	47,103,104
馬甲	47,103,104
背心	47,103,104
內搭褲	47,103,105
打底褲	47,103,105
短褲	47,103,105
T恤	47,103,105
闊腿褲	47,103,105
打底衫	47,103,105
丹寧	47,103,106
外套	47,103,106
夾克	47,103,106
牛仔褲	47,103,106
襯衫	47,103,106
九分褲	47,103,106
洋裝	47,103,106
窄管褲	47,103,106
吊帶褲	47,103,106
打底衫	47,103,106
連身裙	47,103,106
半身裙	47,103,106
迷你裙	47,103,106
背帶裙	47,103,106
喇叭褲	47,103,106
包臀裙	47,103,106
一步裙	47,103,106
鉛筆褲	47,103,106
雪紡	47,103,107
上衣	47,103,107
打底衫	47,103,107
襯衫	47,103,107
毛衣	47,103,108
背心	47,103,108
上衣	47,103,108
打底衫	47,103,108
馬甲	47,103,108
洋裝	47,103,108
連衣裙	47,103,108
外套	47,103,108
針織衫	47,103,108
外套	47,103,109
罩衫	47,103,109
棒球外套	47,103,109
背心	47,103,109
大衣	47,103,109
西裝	47,103,109
毛衣	47,103,109
風衣	47,103,109
夾克	47,103,109
馬甲	47,103,109
胸墊	47,103,110
襯衫	47,103,110
外套	47,103,110
罩衫	47,103,110
內衣	47,103,110
上衣	47,103,110
風衣	47,103,110
荷葉裙	47,103,110
連身裙	47,103,110
洋裝	47,103,110
長褲	47,103,110
長裙	47,103,110
毛帽	47,103,110
內褲	47,103,110
寬褲	47,103,110
牛仔褲	47,103,110
絲襪	47,103,110
鬆緊褲	47,103,110
T恤	47,103,110
窄身裙	47,103,110
直筒褲	47,103,110
圍巾	47,103,110
塑身褲	47,103,110
背心裙	47,103,110
吊帶裙	47,103,110
洋裝	47,103,111
背心裙	47,103,111
長裙	47,103,111
紗裙	47,103,111
吊帶裙	47,103,111
A字裙	47,103,111
短裙	47,103,111
小禮服	47,103,111
魚尾裙	47,103,111
打底裙	47,103,111
包臀裙	47,103,111
旗袍	47,103,111
沙灘裙	47,103,111
襯衫	47,103,111
連身裙	47,103,111
背心	47,103,112
吊帶裙	47,103,112
背心裙	47,103,112
馬甲	47,103,112
小可愛	47,103,112
上衣	47,103,112
毛衣	47,103,112
打底裙	47,103,112
連衣裙	47,103,112
文胸	47,103,112
外套	47,103,112
襯衫	47,103,113
A字裙	47,103,113
吊帶裙	47,103,113
背心裙	47,103,113
連衣裙	47,103,113
百褶裙	47,103,113
短褲	47,103,113
居家服	47,103,113
運動服	47,103,113
洋裝	47,103,113
紗裙	47,103,114
長裙	47,103,114
A字裙	47,103,114
短裙	47,103,114
一步裙	47,103,114
百褶裙	47,103,114
蓬蓬裙	47,103,114
包臀裙	47,103,114
半身裙	47,103,114
背心裙	47,103,114
吊帶裙	47,103,114
打底裙	47,103,114
牛仔裙	47,103,114
荷葉裙	47,103,114
及膝裙	47,103,114
網球裙	47,103,114
沙龍裙	47,103,114
連身褲	47,103,115
鉛筆褲	47,103,115
長褲	47,103,115
寬褲	47,103,115
牛仔褲	47,103,115
丹寧褲	47,103,115
直筒褲	47,103,115
喇叭褲	47,103,115
內搭褲	47,103,115
九分褲	47,103,115
吊帶褲	47,103,115
休閒褲	47,103,115
短褲	47,103,115
運動褲	47,103,115
哈倫褲	47,103,115
七分褲	47,103,115
窄管褲	47,103,115
褲裙	47,103,115
工作褲	47,103,115
緊身褲	47,103,115
內搭褲	47,103,115
大學T	47,103,970
帽T	47,103,970
上衣	47,103,970
外套	47,103,970
夾克	47,103,970
牛津鞋	118,119,121
紳士鞋	118,119,121
皮鞋	118,119,121
穆勒鞋	118,119,121
馬丁靴	118,119,121
單鞋	118,119,121
厚底鞋	118,119,121
樂福鞋	118,119,121
松糕鞋	118,119,121
大頭鞋	118,119,121
包鞋	118,119,122
帆布鞋	118,119,123
休閒鞋	118,119,123
平底鞋	118,119,123
運動鞋	118,119,123
老爹鞋	118,119,123
休閒帆布鞋	118,119,123
厚底鞋	118,119,123
休閒布鞋	118,119,123
棉鞋	118,119,123
莫卡辛	118,119,123
娃娃鞋	118,119,124
娃娃包鞋	118,119,124
奶奶鞋	118,119,124
女僕鞋	118,119,124
芭雷舞鞋	118,119,124
涼鞋	118,119,125
拖鞋	118,119,125
涼拖鞋	118,119,125
懶人鞋	118,119,125
羅馬鞋	118,119,125
人字拖	118,119,125
魚口鞋	118,119,126
魚嘴鞋	118,119,126
跟鞋	118,119,127
高跟鞋	118,119,127
中跟鞋	118,119,127
低跟鞋	118,119,127
細跟鞋	118,119,127
粗跟鞋	118,119,127
厚底鞋	118,119,127
楔型鞋	118,119,127
楔形鞋	118,119,127
楔型涼鞋	118,119,127
楔形涼鞋	118,119,127
恨天高	118,119,127
尖頭鞋	118,119,127
靴子	118,119,128
雨靴	118,119,128
軍靴	118,119,128
平底靴	118,119,128
女靴	118,119,128
長靴	118,119,128
長筒靴	118,119,128
膝上靴	118,119,128
過膝靴	118,119,128
馬丁靴	118,119,128
短靴	118,119,128
短筒靴	118,119,128
雪靴	118,119,128
雪地靴	118,119,128
中筒靴	118,119,128
樂福鞋	118,119,129
豆豆鞋	118,119,129
香鞋粉	118,119,130
增高墊	118,119,130
增高鞋墊	118,119,130
鞋墊	118,119,130
擴鞋器	118,119,130
足跟墊	118,119,130
防咬貼	118,119,130
防咬腳後跟貼	118,119,130
撐鞋器	118,119,130
防水噴霧劑	118,119,130
鞋帶	118,119,130
清潔劑	118,119,130
靴撐	118,119,130
鞋楦	118,119,130
鞋帶扣	118,119,130
保潔劑	118,119,130
雨鞋套	118,119,131
襪	118,119,131
襪子	118,119,131
鞋帶	118,119,131
防磨腳趾保護套	118,119,131
鞋夾	118,119,131
鞋扣	118,119,131
二手腕錶	118,132,133
二手名牌錶	118,132,133
二手名牌手錶	118,132,133
二手名牌腕錶	118,132,133
手錶配件	118,132,134
手錶帶	118,132,134
錶帶	118,132,134
手錶盒	118,132,134
錶鍊	118,132,134
錶鏈	118,132,134
手錶收納	118,132,134
手錶展示盒	118,132,134
手錶禮品盒	118,132,134
手錶整理盒	118,132,134
腕錶整理盒	118,132,134
日本錶	118,132,135
正韓手錶	118,132,136
兒童錶	118,132,137
兒童手錶	118,132,137
卡通手錶	118,132,137
嬰兒手錶	118,132,137
流行錶	118,132,138
精品錶	118,132,139
專櫃品牌錶	118,132,139
盲人錶	118,132,140
盲人手錶	118,132,140
講話錶	118,132,140
講話手錶	118,132,140
運動手錶	118,132,140
報時錶	118,132,140
智慧手環	118,132,140
智能手錶	118,132,140
運動手環	118,132,140
計步手環	118,132,140
計步手錶	118,132,140
計步器	118,132,140
藍芽手錶	118,132,140
藍牙手錶	118,132,140
健康手錶	118,132,140
瑞士錶	118,132,141
運動腕錶	118,132,142
運動手錶	118,132,142
運動錶	118,132,142
心律手錶	118,132,142
智慧手錶	118,132,142
計時手錶	118,132,142
時鐘	118,132,143
鬧鐘	118,132,143
掛鐘	118,132,143
掛錶	118,132,143
鬧鈴	118,132,143
鬧錶	118,132,143
防水錶	118,132,144
防水手錶	118,132,144
夜光錶	118,132,144
夜光手錶	118,132,144
懷錶	118,132,144
電子錶	118,132,144
電子手錶	118,132,144
盲人錶	118,132,144
盲人手錶	118,132,144
講話錶	118,132,144
講話手錶	118,132,144
報時錶	118,132,144
手提包	118,145,146
托特包	118,145,146
手拿包	118,145,147
皮夾	118,145,147
短夾	118,145,147
長夾	118,145,147
錢包	118,145,147
後背包	118,145,148
休閒背包	118,145,148
真皮包	118,145,149
真皮皮夾	118,145,149
真皮短夾.真皮長夾	118,145,149
真皮夾	118,145,149
手工包	118,145,149
斜背包	118,145,150
側背包	118,145,150
單肩包	118,145,150
化妝包	118,145,151
零錢包	118,145,151
電腦包	118,145,152
公事包	118,145,152
筆電包	118,145,152
平底鞋	118,145,153
娃娃鞋	118,145,153
樂福鞋	118,145,153
豆豆鞋	118,145,153
莫卡辛	118,145,153
帆布鞋	118,145,155
休閒鞋	118,145,155
平底鞋	118,145,155
運動鞋	118,145,155
老爹鞋	118,145,155
休閒帆布鞋	118,145,155
厚底鞋	118,145,155
休閒布鞋	118,145,155
棉鞋	118,145,155
慢跑鞋	118,145,155
低跟鞋	118,145,156
中跟鞋	118,145,156
高跟鞋	118,145,157
涼鞋	118,145,158
拖鞋	118,145,158
夾腳拖	118,145,158
魚口鞋	118,145,159
魚嘴鞋	118,145,159
楔型鞋	118,145,160
長靴	118,145,161
短跟短靴	118,145,161
長跟短靴	118,145,161
馬丁靴	118,145,161
軍靴	118,145,161
雪靴	118,145,161
尖頭鞋	118,145,162
方頭鞋	118,145,162
電腦包	118,94,164
公事包	118,94,164
手拿包	118,94,165
手機包	118,94,165
零錢包	118,94,166
皮夾	118,94,166
信用卡夾	118,94,166
短夾	118,94,166
長夾	118,94,166
皮帶	118,94,167
袖扣	118,94,167
領帶夾	118,94,167
皮鞋	118,94,168
紳士鞋	118,94,168
休閒鞋	118,94,169
跑步鞋	118,94,169
休閒鞋	118,94,169
懶人鞋	118,94,169
沙灘鞋	118,94,169
名片夾	118,94,170
信用卡夾	118,94,170
帆布鞋	118,94,171
涼鞋	118,94,172
拖鞋	118,94,172
涼拖鞋	118,94,172
懶人鞋	118,94,172
羅馬鞋	118,94,172
人字拖	118,94,172
夾腳拖	118,94,172
沙灘鞋	118,94,172
單肩包	118,94,173
肩背包	118,94,173
後背包	118,94,173
太陽眼鏡	118,94,174
墨鏡	118,94,174
型男鞋包	118,94,175
後背包	118,94,176
真皮皮夾	118,94,178
真皮短夾	118,94,178
真皮長夾	118,94,178
側背包	118,94,179
斜背包	118,94,180
鴨舌帽	118,94,182
毛帽	118,94,182
寬帽	118,94,182
紳士帽	118,94,182
貝雷帽	118,94,182
短夾	118,94,183
鈔票夾	118,94,183
腰包	118,94,184
腿包	118,94,184
零錢包	118,94,185
鑰匙包	118,94,185
馬丁靴	118,94,186
軍靴	118,94,186
雪靴	118,94,186
香鞋粉	118,94,187
增高墊	118,94,187
增高鞋墊	118,94,187
鞋墊	118,94,187
擴鞋器	118,94,187
足跟墊	118,94,187
防咬貼	118,94,187
防咬腳後跟貼	118,94,187
撐鞋器	118,94,187
防水噴霧劑	118,94,187
鞋帶	118,94,187
清潔劑	118,94,187
靴撐	118,94,187
鞋楦	118,94,187
鞋帶扣	118,94,187
保潔劑	118,94,187
清潔水	118,94,187
中夾	118,190,191
短夾	118,190,191
零錢包	118,190,191
手提包	118,190,191
錢包	118,190,191
化妝包	118,190,192
化妝箱	118,190,192
收納袋	118,190,194
收納包	118,190,194
長夾	118,190,195
手拿包	118,190,195
後背包	118,190,196
肩背包	118,190,196
旅行袋	118,190,197
行李包	118,190,197
拉桿包	118,190,197
旅行包	118,190,197
折疊包	118,190,197
側背包	118,190,198
托特包	118,190,198
斜背包	118,190,199
手提包	118,190,200
帆布包	118,190,200
媽媽包	118,190,200
空氣包	118,190,200
三用包	118,190,200
二用包	118,190,200
水桶包	118,190,200
腰包	118,190,200
波士頓包	118,190,200
單肩包	118,190,200
手鍊	118,201,202
手環	118,201,202
耳環	118,201,203
戒指	118,201,204
指環	118,201,204
金飾	118,201,205
眼鏡	118,201,207
太陽眼鏡	118,201,207
墨鏡	118,201,207
鏡框	118,201,207
黃金	118,201,208
珍珠	118,201,208
紅寶石	118,201,208
藍寶石	118,201,208
鑽石	118,201,208
翡翠	118,201,208
祖母綠	118,201,208
水晶	118,201,208
項鍊	118,201,210
項圈	118,201,210
鎖骨鍊	118,201,210
頸鍊	118,201,210
毛衣鏈	118,201,210
墜子	118,201,211
吊墜	118,201,211
髮飾	118,201,212
髮夾	118,201,212
髮簪	118,201,212
髮圈	118,201,212
髮帶	118,201,212
假髮片	118,201,212
頭巾	118,201,212
髮箍	118,201,212
髮簪	118,201,212
鯊魚夾	118,201,212
髮插	118,201,212
髮梳插	118,201,212
ARMANI	118,214,215
BALENCIAGA	118,214,216
BALLY	118,214,217
BOTTEGA VENETA	118,214,218
BURBERRY	118,214,219
BV	118,214,220
CELINE	118,214,221
CHANEL香奈兒	118,214,222
Chloe	118,214,223
COACH	118,214,224
D&G	118,214,225
Dior 迪奧	118,214,226
Dunhill	118,214,227
FENDI	118,214,228
Ferragamo	118,214,229
GEORG JENSEN	118,214,230
Givenchy	118,214,231
GUCCI 古馳	118,214,232
HEARTS ON FIRE	118,214,233
HERMES	118,214,234
LOEWE	118,214,235
LONGCHAMP	118,214,236
LV	118,214,237
MARC BY JACOBS	118,214,238
Marc Jacobs	118,214,239
Michael Kors	118,214,240
Miu Miu	118,214,241
Moni Moni	118,214,242
MONTBLANC 萬寶龍	118,214,243
PRADA	118,214,244
PS1	118,214,245
REBECCA MINKOFF	118,214,246
SEE BY CHLOE	118,214,247
SWAROVSKI	118,214,248
Tiffany&CO.	118,214,249
TOD'S	118,214,250
YSL	118,214,251
眼鏡	118,252,253
太陽眼鏡	118,252,253
造型眼鏡	118,252,253
黃金	118,252,256
珍珠	118,252,256
紅寶石	118,252,256
藍寶石	118,252,256
鑽石	118,252,256
翡翠	118,252,256
祖母綠	118,252,256
水晶	118,252,256
珠寶	118,252,257
吊飾	118,261,263
情侶對戒	118,261,266
情侶對鍊	118,261,266
對鍊	118,261,267
腳環	118,261,267
手環	118,261,267
項鍊	118,261,267
項圈	118,261,267
鋼戒	118,261,269
鋼鍊	118,261,269
手環	118,261,270
耳環	118,261,270
項鍊	118,261,270
戒指	118,261,270
手鐲	118,261,270
ACER	273,274,275
APPLE	273,274,276
ASUS	273,274,277
Gigabyte	273,274,278
G-PLUS	273,274,279
HTC	273,274,280
Huawei	273,274,281
HUGIGA	273,274,282
InFocus	273,274,283
KATOON	273,274,284
LG	273,274,285
Motorola	273,274,286
NOKIA	273,274,287
OPPO	273,274,288
SAMSUNG	273,274,289
SHARP	273,274,290
Sony	273,274,291
小米機	273,274,293
中興ZTE	273,274,294
長江	273,274,295
門號	273,274,296
美圖秀秀	273,274,297
遠傳	273,274,298
台灣大哥大	273,274,298
台灣之星	273,274,298
中華電信	273,274,298
亞太	273,274,298
摺疊機	273,274,299
軍人機	273,274,299
翻蓋手機	273,274,299
ELIYA	273,274,300
手機	273,274,302
智慧手機	273,274,302
智慧機	273,274,302
雙螢幕機	273,274,302
照相手機	273,274,302
老人機	273,274,302
孝親機	273,274,302
直立式手機	273,274,302
ASUS 配件	273,303,304
HTC 配件	273,303,305
Infocus 配件	273,303,306
iPhone 配件	273,303,307
LG 配件	273,303,308
MOTO	273,303,309
NOKIA 配件	273,303,309
SAMSUNG 配件	273,303,310
SONY 配件	273,303,311
小米配件	273,303,312
防水袋	273,303,313
lightning線	273,303,316
Micro USB線	273,303,316
typc-C線	273,303,316
HDMI轉接頭	273,303,316
USB充電器	273,303,316
USB充電器	273,303,317
旅充	273,303,317
耳機	273,303,318
自拍桿	273,303,319
自拍棒	273,303,319
自拍遙控器	273,303,319
行動電源	273,303,320
上網卡	273,303,321
車用支架	273,303,322
車用腳架	273,303,322
家用電話	273,303,323
網路電話	273,303,323
記憶卡	273,303,324
智慧手錶	273,303,325
智慧手環	273,303,325
智慧穿戴配件	273,303,325
VR頭戴裝置	273,303,325
3D眼鏡	273,303,325
Apple Watch	273,303,325
無線充電盤	273,303,326
無線充電板	273,303,326
無線電	273,303,327
傳真機	273,303,328
線控耳機	273,303,329
保護貼	273,303,330
螢幕貼	273,303,330
儲值電話卡	273,303,331
藍芽耳機	273,303,332
藍芽發射	273,303,332
接收器	273,303,332
吊飾	273,303,333
防塵塞	273,303,333
手機殼	273,303,333
手機袋	273,303,333
保護套	273,303,333
腳架	273,334,335
跟焦器	273,334,335
雲台	273,334,335
快拆版	273,334,335
遮光罩	273,334,335
眼罩	273,334,335
防失繩	273,334,335
鏡頭蓋	273,334,335
轉接環	273,334,335
偏光鏡	273,334,335
濾鏡	273,334,335
閃光燈	273,334,335
麥克風	273,334,335
保護鏡	273,334,335
柔光罩	273,334,335
保護貼	273,334,336
腳架	273,334,337
跟焦器	273,334,337
雲台	273,334,337
快拆版	273,334,337
遮光罩	273,334,337
眼罩	273,334,337
防失繩	273,334,337
鏡頭蓋	273,334,337
轉接環	273,334,337
偏光鏡	273,334,337
濾鏡	273,334,337
閃光燈	273,334,337
麥克風	273,334,337
保護鏡	273,334,337
柔光罩	273,334,337
腳架	273,334,338
跟焦器	273,334,338
雲台	273,334,338
快拆版	273,334,338
遮光罩	273,334,338
眼罩	273,334,338
防失繩	273,334,338
鏡頭蓋	273,334,338
轉接環	273,334,338
偏光鏡	273,334,338
濾鏡	273,334,338
閃光燈	273,334,338
麥克風	273,334,338
保護鏡	273,334,338
柔光罩	273,334,338
腳架	273,334,339
跟焦器	273,334,339
雲台	273,334,339
快拆版	273,334,339
遮光罩	273,334,339
眼罩	273,334,339
防失繩	273,334,339
鏡頭蓋	273,334,339
轉接環	273,334,339
偏光鏡	273,334,339
濾鏡	273,334,339
閃光燈	273,334,339
麥克風	273,334,339
保護鏡	273,334,339
柔光罩	273,334,339
手把	273,334,340
快門線	273,334,341
快門線遙控器	273,334,341
防水殼	273,334,342
防潮箱	273,334,343
拍立得底片	273,334,344
相印機	273,334,345
相機皮套	273,334,346
相機背帶	273,334,347
印相紙	273,334,348
機身保護貼	273,334,348
防風毛罩	273,334,348
記憶卡	273,334,349
閃光燈	273,334,350
閃燈	273,334,351
遮光罩	273,334,351
柔光罩	273,334,351
雲臺	273,334,352
腳架	273,334,353
除塵毛刷	273,334,354
拭鏡紙	273,334,354
吹塵球	273,334,354
拭鏡筆	273,334,354
清潔液	273,334,354
拭鏡紙	273,334,354
拭鏡包布	273,334,354
測光表	273,334,355
電池	273,334,356
充電器	273,334,356
數位相框	273,334,357
濾鏡	273,334,358
偏光鏡	273,334,358
UV鏡	273,334,358
保護鏡	273,334,358
攝影背包	273,334,359
攝影書	273,334,360
年鑑	273,334,360
攝影棚	273,334,361
攝影燈	273,334,362
棚燈	273,334,362
Canon單眼	273,364,365
Canon鏡頭	273,364,366
Fujifilm單眼	273,364,367
Leica鏡頭	273,364,368
Nikon單眼	273,364,369
Nikon鏡頭	273,364,370
OLYMPUS單眼	273,364,371
OLYMPUS鏡頭	273,364,372
Panasonic單眼	273,364,373
Panasonic鏡頭	273,364,374
PENTAX單眼	273,364,375
PENTAX鏡頭	273,364,376
SAMSUNG單眼	273,364,377
SAMSUNG鏡頭	273,364,378
SIGMA單眼	273,364,379
SIGMA鏡頭	273,364,380
SONY單眼	273,364,381
SONY鏡頭	273,364,382
TAMRON鏡頭	273,364,383
Tokina鏡頭	273,364,384
Zeiss鏡頭	273,364,385
單眼	273,364,386
鏡頭	273,364,387
樂高	273,388,389
PCGAME	273,388,390
Sony PS VITA	273,388,391
Sony PS3	273,388,392
Sony PS2	273,388,392
Sony PS4	273,388,393
Sony PSP	273,388,394
Xbox 360	273,388,395
Xbox One	273,388,396
公仔	273,388,397
模型	273,388,397
玩偶	273,388,397
玩偶	273,388,398
N3DS	273,388,399
NDSL	273,388,400
Switch	273,388,401
Wii	273,388,402
Wii U	273,388,403
任天堂	273,388,404
電視遊樂器	273,388,404
電動	273,388,404
模型	273,388,405
紅白機	273,388,406
益智遊戲	273,388,407
桌遊	273,388,407
智慧球	273,388,407
積木	273,388,407
搖桿	273,388,408
方向盤	273,388,408
藍芽手把	273,388,408
掌上型遊樂器	273,388,408
攻略	273,388,410
遙控玩具	273,388,411
遙控車	273,388,411
遙控飛機	273,388,411
遊戲點數卡	273,388,412
戰鬥陀螺	273,388,413
魔幻陀螺	273,388,413
大霹靂	273,388,414
布袋戲	273,388,414
BenQ相機	273,416,417
Canon相機	273,416,418
CASIO相機	273,416,419
FUJIFILM相機	273,416,420
HOLGA相機	273,416,421
Kodak相機	273,416,422
Leica相機	273,416,423
LOMO相機	273,416,424
Nikon相機	273,416,425
OLYMPUS相機	273,416,426
Panasonic相機	273,416,427
PENTAX相機	273,416,428
Polaroid 相機	273,416,429
RICOH相機	273,416,430
SAMSUNG相機	273,416,431
SONY相機	273,416,432
行動相簿	273,416,433
即可拍	273,416,434
底片機	273,416,434
拍立得	273,416,435
拍立得底片	273,416,435
空拍機	273,416,436
無人機	273,416,436
電池	273,416,437
充電器	273,416,437
望遠鏡	273,416,438
顯微鏡	273,416,438
監視器	273,416,439
視訊鏡頭	273,416,439
隱藏式攝影機	273,416,439
針孔攝影機	273,416,439
監控攝影機	273,416,439
運動攝影機	273,416,440
縮時攝影機	273,416,440
Apple TV	443,444,445
iMac	443,444,446
iPad mini	443,444,447
iPad	443,444,448
Airpods	443,444,449
iPad保護套	443,444,449
iPad保護殼	443,444,449
蘋果平板保護套	443,444,449
蘋果平板保護殼	443,444,449
Mac mini	443,444,450
Mac筆電包	443,444,451
蘋果筆電包	443,444,451
Mac電腦包	443,444,451
蘋果電腦包	443,444,451
Mac殼	443,444,451
Mac筆電殼	443,444,451
蘋果筆電殼	443,444,451
MacBook	443,444,452
MacBook Air	443,444,453
MacBook Pro	443,444,454
All-in-One電腦	443,456,457
DIY桌上電腦	443,456,458
平板	443,456,459
平板電腦	443,456,459
平板套	443,456,460
平板保護套	443,456,460
平板殼	443,456,460
平板保護殼	443,456,460
平板套殼	443,456,460
桌上型電腦	443,456,461
桌電	443,456,461
桌上電腦	443,456,461
筆記型電腦	443,456,462
筆電	443,456,462
筆記本電腦	443,456,462
筆電散熱器	443,456,463
筆電散熱架	443,456,463
筆電包	443,456,463
筆電座	443,456,463
筆電內膽包	443,456,463
電腦內膽包	443,456,463
電腦包	443,456,463
電腦棒	443,456,464
福利品	443,456,465
記憶體	443,467,468
主機板	443,467,468
處理器	443,467,468
顯示卡	443,467,468
硬碟	443,467,468
SSD	443,467,468
GPS	443,467,469
導航	443,467,469
導航機	443,467,469
衛星導航	443,467,469
衛星定位	443,467,469
GPS定位	443,467,469
USB	443,467,470
快接盒	443,467,470
USB風扇	443,467,470
USB電風扇	443,467,470
USB充電器	443,467,470
USB充電傳輸連接線	443,467,470
USB分線器	443,467,470
USB耳機轉接	443,467,470
USB耳機轉換	443,467,470
USB夜燈	443,467,470
光碟	443,467,471
光盤	443,467,471
光碟片	443,467,471
CD	443,467,471
碟片	443,467,471
CD收納	443,467,471
光碟收納	443,467,471
CD整理包	443,467,471
CD整理盒	443,467,471
光碟整理包	443,467,471
光碟整理盒	443,467,471
CD架	443,467,471
DVD收納	443,467,471
光盤收納	443,467,471
電腦線材	443,467,471
轉接線	443,467,471
印表機	443,467,472
掃描機	443,467,472
列印機	443,467,472
護貝帶	443,467,472
墨水匣	443,467,472
碳粉匣	443,467,472
事務機	443,467,472
掃描槍	443,467,472
掃碼槍	443,467,472
鉤錶	443,467,473
驗電筆	443,467,473
視頻轉換器	443,467,473
水平泡儀	443,467,473
起子	443,467,473
掃瞄器	443,467,473
掃碼器	443,467,473
電錶	443,467,473
鉗	443,467,473
板手	443,467,473
行車紀錄器	443,467,474
行車記錄器	443,467,474
行車紀錄儀	443,467,474
行車記錄儀	443,467,474
導航紀錄器	443,467,474
導航記錄器	443,467,474
導航紀錄儀	443,467,474
導航記錄儀	443,467,474
行動硬碟	443,467,475
外接硬碟	443,467,475
硬碟收納袋	443,467,475
硬碟收納包	443,467,475
行動固態硬碟	443,467,475
外接式硬碟	443,467,475
液晶螢幕	443,467,476
液晶顯示器	443,467,476
液晶螢幕支架	443,467,476
顯示器增高架	443,467,476
顯示器增高器	443,467,476
翻譯機	443,467,477
翻譯筆	443,467,477
電子字典	443,467,477
電子辭典	443,467,477
電子詞典	443,467,477
安全軟體	443,467,478
錄音軟體	443,467,478
防毒軟體	443,467,478
防護軟體	443,467,478
Office	443,467,478
Windows	443,467,478
意念圖庫	443,467,478
概念圖庫	443,467,478
輸入法	443,467,478
掃毒軟體	443,467,478
影像編輯軟體	443,467,478
音樂編輯軟體	443,467,478
音樂製作軟體	443,467,478
影像處理軟體	443,467,478
路由器	443,467,479
網卡	443,467,479
WiFi強波器	443,467,479
WiFi增強器	443,467,479
網路卡	443,467,479
分享器	443,467,479
網路攝影機	443,467,480
網路攝像頭	443,467,480
投影機	443,467,480
投影儀	443,467,480
電腦攝像頭	443,467,480
會議攝影機	443,467,480
監控攝像頭	443,467,480
監控攝影機	443,467,480
手機搖桿	443,467,481
手遊搖桿	443,467,481
電腦音響	443,467,481
電腦音箱	443,467,481
遊戲手把	443,467,481
耳機麥克風	443,467,481
耳麥	443,467,481
喇叭	443,467,481
耳機	443,467,481
藍芽音響	443,467,481
藍芽音箱	443,467,481
投影機	443,467,481
投影儀	443,467,481
隨身碟	443,467,482
Ｕ盤	443,467,482
鍵盤	443,467,483
滑鼠	443,467,483
鼠標	443,467,483
滑鼠墊	443,467,483
鼠標墊	443,467,483
鍵盤墊	443,467,483
簡報器	443,467,484
簡報筆	443,467,484
雷射筆	443,467,484
翻頁器	443,467,484
翻頁筆	443,467,484
投影筆	443,467,484
簡報搖控筆	443,467,484
簡報遙控器	443,467,484
PPT遙控筆	443,467,484
PPT遙控器	443,467,484
演示筆	443,467,484
繪圖板	443,467,485
手寫板	443,467,485
輸入板	443,467,485
寫字板	443,467,485
電腦椅	443,467,486
辦公椅	443,467,486
滑鼠墊	443,467,486
HDMI線	443,467,486
HDMI線轉換器	443,467,486
筆電散熱器	443,467,486
筆記本散熱器	443,467,486
電腦底座	443,467,486
驅蚊燈	488,489,490
捕蚊燈	488,489,490
電暖器	488,489,490
小風扇	488,489,490
黏塵紙	488,489,490
縫紉機	488,489,490
吹風機	488,489,490
小夜燈	488,489,490
加濕器	488,489,490
露營燈	488,489,490
電熱水壺	488,489,490
檯燈	488,489,490
電蚊拍	488,489,490
吸塵器	488,489,491
擦地機	488,489,491
掃地機器人	488,489,491
拖地機	488,489,491
除塵器	488,489,491
咖啡機	488,489,492
磨豆機	488,489,492
研磨機	488,489,492
磨粉機	488,489,492
豆漿機	488,489,493
果汁機	488,489,493
榨汁機	488,489,493
調理機	488,489,493
冰淇淋機	488,489,493
清淨機	488,489,494
淨化機	488,489,494
吹風機	488,489,495
蒸臉器	488,489,495
潔面儀	488,489,495
洗臉儀	488,489,495
洗臉機	488,489,495
瘦臉儀	488,489,495
睫毛夾	488,489,495
美容儀	488,489,495
面膜儀	488,489,495
掃斑機	488,489,495
電推剪	488,489,495
電推子	488,489,495
電捲棒	488,489,495
髮梳	488,489,495
梳	488,489,495
夾板	488,489,495
捲髮棒	488,489,495
電動牙刷	488,489,495
沖牙機	488,489,495
補水儀	488,489,495
牙線機	488,489,495
電鬍刀	488,489,495
水氧機	488,489,495
除濕機	488,489,496
抽濕機	488,489,496
除潮機	488,489,496
泡腳機	488,489,497
按摩椅	488,489,497
按摩枕	488,489,497
美腿機	488,489,497
按摩墊	488,489,497
按摩儀	488,489,497
護眼儀	488,489,497
濾心	488,489,498
濾網	488,489,498
淨水系統	488,489,498
淨水機	488,489,498
淨水器	488,489,498
過濾系統	488,489,498
過濾器	488,489,498
微波爐	488,489,499
水波爐	488,489,499
立扇	488,489,500
循環扇	488,489,500
風扇	488,489,500
電扇	488,489,500
落地扇	488,489,500
霧化扇	488,489,500
箱扇	488,489,500
工業扇	488,489,500
大廈扇	488,489,500
壁扇	488,489,500
吊扇	488,489,500
通風扇	488,489,500
電暖器	488,489,501
電熱毯	488,489,501
電暖蛋	488,489,501
暖爐	488,489,501
烘被機	488,489,501
烘鞋機	488,489,501
加熱器	488,489,501
電磁爐	488,489,502
電池盧	488,489,502
電磁灶	488,489,502
火鍋灶	488,489,502
卡式爐	488,489,503
電鍋	488,489,503
電子鍋	488,489,503
燉鍋	488,489,503
蒸鍋	488,489,503
藥膳壺	488,489,503
氣炸鍋	488,489,503
電火鍋	488,489,503
電熱鍋	488,489,503
電煮鍋	488,489,503
電烤盤	488,489,503
麵包機	488,489,503
點心機	488,489,503
攪拌棒	488,489,503
打蛋器	488,489,503
攪拌機	488,489,503
切肉機	488,489,503
絞肉機	488,489,503
優酪乳機	488,489,503
薄餅機	488,489,503
打面機	488,489,503
土司機	488,489,503
甜甜圈機	488,489,503
打蛋機	488,489,503
蒸包機	488,489,503
三明治機	488,489,503
早餐機	488,489,503
棉花糖機	488,489,503
鬆餅機	488,489,503
烤箱	488,489,971
瓦斯爐	488,489,504
除油煙機	488,489,504
檯面爐	488,489,504
洗碗機	488,489,504
烘碗機	488,489,504
家用電話	488,489,504
對講機	488,489,504
保險箱	488,489,504
熱水器	488,489,504
加溼器	488,489,504
冰箱	488,505,506
冰櫃	488,505,506
冷凍櫃	488,505,506
冷氣	488,505,507
空調	488,505,507
洗衣機	488,505,509
脫水機	488,505,509
乾衣機	488,505,510
烘乾機	488,505,510
烘衣機	488,505,510
製冰機	488,505,512
播放機	488,513,514
影碟機	488,513,514
播放器	488,513,514
刻錄機	488,513,514
MP3	488,513,515
隨身聽	488,513,515
音箱	488,513,516
擴音機	488,513,516
藍芽音響	488,513,516
收音機	488,513,517
錄音機	488,513,517
念佛機	488,513,517
投影機	488,513,519
布幕	488,513,519
3D眼鏡	488,513,519
投影儀	488,513,519
劇院	488,513,520
喇叭	488,513,520
擴大機	488,513,520
環繞音響	488,513,520
環繞喇叭	488,513,520
家庭音響	488,513,521
電腦音響	488,513,521
藍芽喇叭	488,513,521
組合音響	488,513,521
麥克風	488,513,522
話筒	488,513,522
喇叭	488,513,523
音箱	488,513,523
擴音機	488,513,523
擴大機	488,513,523
音響	488,513,523
留聲機	488,513,524
唱盤	488,513,524
唱機	488,513,524
黑膠	488,513,524
唱片	488,513,524
電視	488,513,525
顯示器	488,513,525
視訊盒	488,513,525
遙控器	488,513,526
3D眼鏡	488,513,526
電視壁掛架	488,513,526
VR眼鏡	488,513,526
轉換器	488,513,526
轉換線	488,513,526
轉接器	488,513,526
轉接頭	488,513,526
HDMI線	488,513,526
電視支架	488,513,526
天線	488,513,526
強波器	488,513,526
音源線	488,513,526
傳輸線	488,513,526
延長線	488,513,526
光纖線	488,513,526
顯示器線	488,513,526
螢幕專用線	488,513,526
播放機	488,513,527
伴唱機	488,513,527
電視盒	488,513,528
機上盒	488,513,528
影音傳輸棒	488,513,528
電視棒	488,513,528
APPLE TV	488,513,528
錄音筆	488,513,529
翻譯機	488,513,530
口琴	488,799,800
竹笛	488,799,802
單簧管	488,799,802
豎笛	488,799,802
洞簫	488,799,802
鼓棒	488,799,804
架子鼓	488,799,804
非洲鼓	488,799,804
電子鼓	488,799,804
大鼓踏板	488,799,804
爵士鼓	488,799,804
電子琴	488,799,805
八音琴	488,799,805
爵士鼓	488,799,805
小喇叭	488,799,805
豎笛	488,799,805
吉他	488,799,806
小提琴	488,799,806
中提琴	488,799,806
大提琴	488,799,806
直笛	488,799,807
音樂書籍	488,799,808
音箱	488,799,809
烏克麗麗	488,799,810
琵琶	488,799,811
二胡	488,799,811
古箏	488,799,811
竹笛	488,799,811
洞簫	488,799,811
排笛	488,799,811
陶笛	488,799,812
拇指琴	488,799,813
架子鼓	488,799,813
薩克斯風	488,799,814
小喇叭	488,799,814
鋼琴手型矯正器	488,799,815
吉他包	488,799,815
吉他彎度調整器	488,799,815
調音器	488,799,815
節拍器	488,799,815
弦油	488,799,815
防塵罩	488,799,815
包角片	488,799,815
背帶	488,799,815
延音踏板	488,799,815
撥片	488,799,815
譜架	488,799,815
調音夾	488,799,815
指板油	488,799,816
清潔紗布	488,799,816
吹嘴墊片	488,799,816
活塞油	488,799,816
保養蠟	488,799,816
二胡蛇皮	488,799,816
金屬通條	488,799,816
麥克風	488,799,817
耳機	488,799,817
音源接收器	488,799,817
混音器	488,799,817
吉他	488,799,818
烏克麗麗	488,799,818
電吉他	488,799,818
調音器	488,799,819
節拍器	488,799,819
校音器	488,799,819
錄音麥克風	488,799,820
喇叭	488,799,820
音箱	488,799,820
電子琴	488,799,821
鋼琴	488,799,821
電鋼琴	488,799,821
演出服	532,533,534
表演服	532,533,534
女童泳衣	532,533,535
女童泳裝	532,533,535
水母衣	532,533,535
女童上衣	532,533,536
女童褲	532,533,536
女童外套	532,533,536
女童洋裝	532,533,536
女童禮服	532,533,536
女童裙	532,533,536
女童襯	532,533,536
女童毛	532,533,536
女童T恤	532,533,536
男童休閒服	532,533,536
兒童書包	532,533,537
兒童背包	532,533,537
兒童提包	532,533,537
兒童毛帽	532,533,538
兒童針織帽	532,533,538
兒童棒球帽	532,533,538
兒童鴨舌帽	532,533,538
兒童帽	532,533,538
童帽	532,533,538
孕婦裝	532,533,539
男童泳衣	532,533,540
男童泳裝	532,533,540
男童水母衣	532,533,540
男童泳褲	532,533,540
男童上衣	532,533,541
男童褲	532,533,541
男童外套	532,533,541
男童長褲	532,533,541
男童短褲	532,533,541
男童襯衫	532,533,541
男童毛衣	532,533,541
男童T恤	532,533,541
男童休閒服	532,533,541
兒童內褲	532,533,542
學習褲	532,533,542
兒童三角褲	532,533,542
兒童平口褲	532,533,542
兒童髮夾	532,533,543
兒童髮圈	532,533,543
兒童髮帶	532,533,543
兒童髮箍	532,533,543
兒童頭箍	532,533,543
兒童襪	532,533,544
兒童領巾	532,533,544
兒童領結	532,533,544
兒童眼鏡	532,533,544
兒童手套	532,533,544
兒童圍巾	532,533,544
包屁衣	532,533,545
連身衣	532,533,545
嬰幼兒睡衣	532,533,545
兒童運動鞋	532,533,546
兒童拖鞋	532,533,546
兒童靴	532,533,546
學步鞋	532,533,546
兒童涼鞋	532,533,546
兒童球鞋	532,533,546
童鞋	532,533,546
奶粉	532,548,549
洗澡組	532,548,549
修護膏	532,548,549
方巾	532,548,549
奶瓶刷	532,548,549
餐椅	532,548,549
烘乾鍋	532,548,549
手推車	532,548,550
汽座	532,548,550
防曬乳	532,548,550
防蚊液	532,548,550
三輪車	532,548,550
滑步車	532,548,550
揹帶	532,548,550
背巾	532,548,550
腰凳	532,548,550
(童)雨具	532,548,550
(童)雨鞋	532,548,550
門欄	532,548,551
圍欄	532,548,551
地墊	532,548,551
床護欄	532,548,551
別針	532,548,551
背心	532,548,551
保護套	532,548,551
防滑	532,548,551
防撞	532,548,551
安全鎖	532,548,551
監控器	532,548,551
尿布	532,548,552
紙尿褲	532,548,552
玩具	532,548,553
童書	532,548,553
玩偶	532,548,553
積木	532,548,553
模型	532,548,553
桌遊	532,548,553
兒童泳裝	532,548,554
兒童泳衣	532,548,554
兒童泳褲	532,548,554
水母衣	532,548,554
泳圈	532,548,554
浴盆	532,548,554
吸乳器	532,548,555
母乳保存袋	532,548,555
乳墊	532,548,555
奶瓶	532,548,555
奶嘴	532,548,555
奶粉盒	532,548,555
消毒器	532,548,555
清潔液	532,548,555
保溫器	532,548,555
調乳器	532,548,555
溫奶器	532,548,555
圍兜	532,548,555
包巾	532,548,555
包被	532,548,555
食物調理用具	532,548,555
水壺	532,548,555
學習杯	532,548,555
餵食用具	532,548,555
兒童餐具	532,548,555
用餐椅	532,548,555
安全帶\n	532,548,555
濕紙巾	532,548,556
防濕墊	532,548,556
嬰幼兒洗髮乳	532,548,556
沐浴乳	532,548,556
乳液	532,548,556
嬰兒油	532,548,556
紗布手帕	532,548,556
毛巾	532,548,556
浴巾	532,548,556
海綿	532,548,556
洗手乳	532,548,556
牙刷	532,548,556
牙膏	532,548,556
洗衣精	532,548,556
棉花棒	532,548,556
指甲刀	532,548,556
爽身粉 \n	532,548,556
束縛帶	532,548,557
月子帽	532,548,557
護肩帶	532,548,557
床	532,548,559
枕頭	532,548,559
被	532,548,559
床單	532,548,559
床罩	532,548,559
睡袋	532,548,559
搖籃	532,548,559
躺椅	532,548,559
收納袋	532,548,559
收納箱	532,548,559
收納盒	532,548,559
嬰幼兒餅乾	532,548,560
嬰幼兒果汁	532,548,560
嬰幼兒果泥	532,548,560
嬰幼兒營養品	532,548,560
嬰幼兒奶粉	532,548,560
彌月禮盒	532,548,561
嬰幼兒印泥	532,548,561
套裝	532,548,561
抓週用品	532,548,562
孕婦用品	532,548,562
嬰幼兒用品	532,548,562
魯味	564,565,566
肉圓	564,565,566
麻油雞	564,565,566
雞湯	564,565,566
泡菜	564,565,566
肉乾	564,565,567
肉鬆	564,565,567
魷魚絲	564,565,567
鱈魚香絲	564,565,567
錄紅片	564,565,567
香魚片	564,565,567
開味三寶	564,565,567
牛肉角	564,565,567
烤魚片	564,565,567
手撕魚片	564,565,567
香鬆	564,565,567
干貝唇	564,565,567
魷片	564,565,567
花枝絲	564,565,567
魷魚片	564,565,567
魚乾	564,565,567
小魚乾	564,565,567
烤肉條	564,565,567
豬肉條	564,565,567
蒸米糕	564,565,569
醉蝦	564,565,569
鬆糕	564,565,569
鳳梨酥	564,565,569
臘腸	564,565,569
東坡肉	564,565,569
蘿蔔糕	564,565,569
牛肉麵	564,565,569
黃金泡菜	564,565,569
XO醬	564,565,569
辣椒小魚	564,565,569
粽子	564,565,570
油飯	564,565,570
草仔粿	564,565,570
芋頭糕	564,565,570
芋粿巧	564,565,570
菜頭糕	564,565,570
肉圓	564,565,570
年糕	564,565,570
湯圓	564,565,570
蔥抓餅	564,565,570
燒賣	564,565,570
碗粿	564,565,570
果乾	564,565,571
黑豆	564,565,571
堅果	564,565,571
梅子	564,565,571
椰棗	564,565,571
蜜餞	564,565,571
餅乾	564,565,572
巧克力	564,565,572
糖果	564,565,572
洋芋片	564,565,572
海苔	564,565,572
果凍	564,565,572
捲心酥	564,565,572
蛋捲	564,565,572
夾心酥	564,565,572
蝦餅	564,565,572
貢糖	564,565,572
花生糖	564,565,572
爆米花	564,565,572
煎餅	564,565,572
薯條	564,565,572
千層酥	564,565,572
蘇打餅	564,565,572
麻花捲	564,565,572
口香糖	564,565,572
軟糖	564,565,572
椰果	564,565,572
點心麵	564,565,572
，豆干	564,565,572
夾心餅	564,565,572
乳酪絲	564,565,572
牛奶糖	564,565,572
小雞麵	564,565,572
喉糖	564,565,572
仙貝	564,565,572
米果	564,565,572
羊羹	564,565,572
瓜子	564,565,572
開心果	564,565,572
堅果	564,565,572
牛舌餅	564,565,572
地瓜酥	564,565,572
芋頭酥	564,565,572
上海菜	564,565,573
台式料理	564,565,573
客家料理	564,565,573
川菜	564,565,573
江浙菜	564,565,573
港式小點	564,565,573
異國料理	564,565,573
眷村風味	564,565,573
鳳梨酥	564,565,574
水果酥	564,565,574
蛋黃酥	564,565,574
月餅	564,565,574
太陽餅	564,565,574
老婆餅	564,565,574
牛軋糖	564,565,574
核桃糕	564,565,574
綠豆糕	564,565,574
綠豆椪	564,565,574
結婚禮餅	564,565,574
彌月喜餅	564,565,574
黑糖糕	564,565,574
麻糬	564,565,574
泡麵	564,565,575
拉麵	564,565,575
水果	564,576,577
蔬菜	564,576,577
蔬果箱	564,576,577
有機蔬果 (Y超分類)	564,576,577
魚	564,576,578
蝦	564,576,578
蟹	564,576,578
螺	564,576,578
蚌	564,576,578
蛤	564,576,578
蚵	564,576,578
貝	564,576,578
花枝	564,576,578
魷魚	564,576,578
章魚	564,576,578
海鮮沙拉	564,576,578
乾海鮮	564,576,578
牛肉	564,576,579
豬肉	564,576,579
雞肉	564,576,579
羊肉	564,576,579
熱狗	564,576,579
香腸	564,576,579
臘腸	564,576,579
肉類加工品	564,576,579
有機蔬果	564,576,580
水餃	564,576,581
餛飩	564,576,581
鍋貼	564,576,581
微波食品.調理包	564,576,581
披薩	564,576,581
餅皮	564,576,581
餡餅	564,576,581
麵包	564,576,581
餐包	564,576,581
焙果	564,576,581
包子	564,576,581
饅頭	564,576,581
米漢堡	564,576,581
鍋物	564,576,581
湯底	564,576,581
火鍋料	564,576,581
炸物	564,576,581
滷味	564,576,581
豬腳	564,576,581
蹄膀	564,576,581
地瓜	564,576,581
蕃薯	564,576,581
素食	564,576,581
蒟蒻	564,576,581
沙拉	564,576,581
泡菜	564,576,581
味噌	564,576,581
貢丸	564,576,581
花枝丸	564,576,581
火鍋餃	564,576,581
湯圓	564,576,581
鮮奶	564,576,582
調味奶	564,576,582
優酪乳	564,576,582
豆米漿	564,576,582
奶油	564,576,582
起士	564,576,582
果醬	564,576,582
花生醬	564,576,582
抺醬	564,576,582
蛋糕	564,576,583
巧克力	564,576,583
甜點	564,576,583
冰品	564,576,583
泡芙	564,576,583
布丁	564,576,583
冰棒	564,576,583
馬卡龍	564,576,583
奶凍捲	564,576,583
瑞士捲	564,576,583
奶酪	564,576,583
芋泥	564,576,583
千層派	564,576,583
生乳捲	564,576,583
冰淇淋	564,576,583
布朗尼	564,576,583
情人果	564,576,583
仙草	564,576,583
蛋塔	564,576,583
檸檬塔	564,576,583
草莓塔	564,576,583
水果塔	564,576,583
堤拉米蘇	564,576,583
千層蛋糕	564,576,583
千層派	564,576,583
麵包	564,576,583
餐包	564,576,583
塔	564,576,583
派	564,576,583
和果子	564,576,583
麵包	564,576,584
饅頭	564,576,584
包子	564,576,584
米	564,586,589
麵粉	564,586,589
糙米	564,586,589
五穀米	564,586,589
太白粉	564,586,589
地瓜粉	564,586,589
烘焙麵粉	564,586,589
黃豆	564,586,589
紅豆	564,586,589
綠豆	564,586,589
黑豆	564,586,589
小米	564,586,589
紅藜	564,586,589
汽水	564,586,590
可樂	564,586,590
果漿	564,586,590
果汁	564,586,590
蔬果汁	564,586,590
養生茶飲	564,586,590
美體茶飲	564,586,590
十穀奶	564,586,590
燕麥奶	564,586,590
紅茶	564,586,590
奶茶	564,586,590
綠茶	564,586,590
烏龍茶	564,586,590
乳酸飲料	564,586,590
寒天飲料	564,586,590
運動飲料	564,586,590
機能飲料黑麥汁	564,586,590
即飲咖啡	564,586,590
飲用醋	564,586,590
果醋	564,586,590
鮮乳	564,586,590
保久乳	564,586,590
豆奶	564,586,590
豆漿	564,586,590
麥茶	564,586,590
青草茶	564,586,590
咖啡	564,586,591
奶粉	564,586,591
奶茶	564,586,591
可可	564,586,591
巧克力	564,586,591
柚子茶	564,586,591
人蔘茶	564,586,591
桂圓茶	564,586,591
薑母茶	564,586,591
麥茶	564,586,591
蜂蜜	564,586,591
麥片	564,586,591
穀物	564,586,591
黑糖	564,586,591
複方黑糖磚	564,586,591
有機茶	564,586,591
果醬	564,586,592
巧克力醬	564,586,592
花生醬	564,586,592
芝麻醬	564,586,592
韓國抹醬	564,586,592
法式果醬	564,586,592
義大利果醬	564,586,592
醬油	564,586,593
醬油膏	564,586,593
蠔油	564,586,593
鹽	564,586,593
糖	564,586,593
醋	564,586,593
干貝醬	564,586,593
沙拉醬	564,586,593
牛排醬	564,586,593
肉燥醬	564,586,593
拌麵醬	564,586,593
胡椒	564,586,593
黑胡椒	564,586,593
蕃茄醬	564,586,593
辣椒醬	564,586,593
豆瓣醬	564,586,593
香油	564,586,593
麻油	564,586,593
苦茶油	564,586,593
雞湯塊	564,586,593
葵花油	564,586,593
橄欖油	564,586,593
葡萄籽油	564,586,593
花生油	564,586,593
沙拉油	564,586,593
健康油	564,586,593
咖哩粉	564,586,593
泡麵	564,586,594
速食粥	564,586,594
義大利麵	564,586,594
麵條	564,586,594
米粉	564,586,594
冬粉	564,586,594
麵線	564,586,594
拉麵	564,586,594
乾麵	564,586,594
拌麵	564,586,594
油蔥酥	564,586,595
糙米	564,586,595
黑木耳	564,586,595
香菇	564,586,595
栗子	564,586,595
白木耳	564,586,595
八角	564,586,595
海茸	564,586,595
紅棗	564,586,595
糯米	564,586,595
桂圓	564,586,595
洛神花	564,586,595
何首烏	564,586,595
珊瑚草	564,586,595
蓮子	564,586,595
台灣茶	564,586,596
中國茶	564,586,596
日本茶	564,586,596
西洋茶	564,586,596
韓國茶	564,586,596
南非茶	564,586,596
健美茶	564,586,596
花草茶	564,586,596
水果茶	564,586,596
果粒茶	564,586,596
養生茶品	564,586,596
茶具禮盒 (Y超分類)	564,586,596
乳酪	564,586,597
起司	564,586,597
日式	564,586,597
韓風	564,586,597
泰式	564,586,597
越南味	564,586,597
義式食材	564,586,597
祭拜菜碗組	564,586,598
祭拜食品	564,586,598
祭拜罐頭	564,586,598
蜂蜜	564,586,599
個人用品	564,586,600
家庭用品	564,586,600
礦泉水	564,586,602
桶裝水	564,586,602
罐頭食品	564,586,603
調理包	564,586,603
速食湯	564,586,603
黑豆	564,605,606
紅豆	564,605,606
黃豆	564,605,606
薏仁	564,605,606
五穀米	564,605,606
松子	564,605,606
糯米	564,605,606
糙米	564,605,606
燕麥	564,605,606
亞麻仁籽	564,605,606
小米	564,605,606
紅藜	564,605,606
黑芝麻醬	564,605,607
花生醬	564,605,607
果醬	564,605,607
可可醬	564,605,607
杏仁醬	564,605,607
有機茶	564,605,609
有機飲品	564,605,609
有機蜂蜜	564,605,610
龍眼蜜	564,605,610
有機餅乾	564,605,611
果乾	564,605,611
休閒零食	564,605,611
有機調料	564,605,612
營養品	564,605,613
保健品	564,605,613
便利速食	564,605,614
有機食品	564,605,615
有機營養品	564,616,617
養生保健	564,616,617
兒童專用	564,616,618
膠原蛋白	564,616,619
紅豆	564,616,619
薏仁	564,616,619
酵素	564,616,619
酵母素	564,616,619
甲殼素	564,616,619
寒天	564,616,619
油切類	564,616,619
低卡食飲	564,616,619
低脂食飲	564,616,619
葡萄籽錠	564,616,619
葡萄籽膠囊	564,616,619
紅花籽油	564,616,619
藤黃果	564,616,619
蔓越莓	564,616,619
紅薑黃	564,616,619
纖Q水	564,616,619
Q10	564,616,619
美胸補品	564,616,619
珍珠粉	564,616,619
燕窩	564,616,619
蜂乳	564,616,619
花蜜粉	564,616,619
益生菌	564,616,622
乳酸菌	564,616,622
酵素	564,616,622
酵母素	564,616,622
雞精	564,616,622
蜆精	564,616,622
葉黃素	564,616,622
補體素	564,616,622
高蛋白	564,616,622
卵磷脂	564,616,622
胺基酸	564,616,622
鈣	564,616,622
苦橙	564,616,622
魚油	564,616,622
四物	564,616,622
葉酸	564,616,622
鐵	564,616,622
月見草油	564,616,622
葡萄糖胺	564,616,622
納豆紅麴	564,616,622
亞麻仁	564,616,622
藻油	564,616,622
螺旋藻錠	564,616,622
精	564,616,622
茄紅素	564,616,622
南瓜籽	564,616,622
冬蟲夏草	564,616,622
膳食纖維	564,616,622
精力湯	564,616,622
瑪卡	564,616,622
精胺酸	564,616,622
龜鹿	564,616,622
人蔘	564,616,622
靈芝	564,616,622
巴西蘑菇	564,616,622
檯燈	625,626,627
臺燈	625,626,627
台燈	625,626,627
床頭燈	625,626,627
立燈	625,626,627
燈管	625,626,627
燈泡	625,626,627
夜燈	625,626,627
投影燈	625,626,627
桌燈	625,626,627
壁燈	625,626,627
吊燈	625,626,627
落地燈	625,626,627
層版燈	625,626,627
串燈	625,626,627
燭泡	625,626,627
LED	625,626,627
燈具	625,626,627
燈管	625,626,627
夾子燈	625,626,627
太陽能燈	625,626,627
手電筒	625,626,627
戶外燈	625,626,627
照明燈	625,626,627
吸頂燈	625,626,627
燈罩	625,626,627
球燈	625,626,627
閃光燈	625,626,627
夜店燈	625,626,627
感應燈	625,626,627
露營燈	625,626,627
軌道燈	625,626,627
崁燈	625,626,627
鹵素燈	625,626,627
草坪燈	625,626,627
投影燈	625,626,627
補光燈	625,626,627
老虎鉗	625,626,628
割草機	625,626,628
研磨機	625,626,628
皮尺	625,626,628
卡尺	625,626,628
補牆膏	625,626,628
測距儀	625,626,628
釘槍	625,626,628
修枝剪	625,626,628
刷	625,626,628
電鑽	625,626,628
電鋸	625,626,628
工具箱	625,626,628
砂紙機	625,626,628
噴漆	625,626,628
打蠟機	625,626,628
起子	625,626,628
膠條	625,626,628
膠帶	625,626,628
門鎖	625,626,628
門鈴	625,626,628
梯子	625,626,628
膠槍	625,626,628
鉗	625,626,628
梯	625,626,628
溫度計	625,626,628
體重計	625,626,628
測試儀	625,626,628
秤	625,626,628
水平儀	625,626,628
烙鐵	625,626,628
3M	625,630,631
水晶	625,630,632
串珠飾品	625,630,632
毛線	625,630,632
皮雕	625,630,632
拼布	625,630,632
服裝材料	625,630,632
十字繡	625,630,632
中國結	625,630,632
線繩	625,630,632
手工藝書籍	625,630,632
手工藝工具	625,630,632
勾針	625,630,632
MIT	625,630,633
台灣文創設計	625,630,634
安全鎖	625,630,635
止滑膠帶	625,630,635
防割手套	625,630,635
門擋	625,630,635
防撞角	625,630,635
扶手	625,630,635
線香	625,630,636
檀香	625,630,636
薰香	625,630,636
線香	625,630,636
香薰	625,630,636
沉香	625,630,636
臥相	625,630,636
塔香	625,630,636
金紙	625,630,636
冥紙	625,630,636
拜拜套組	625,630,636
天鈔	625,630,636
財寶箱	625,630,636
佛燈	625,630,636
油燈	625,630,636
香爐	625,630,636
燈座	625,630,636
金爐	625,630,636
化寶桶	625,630,636
臥香爐	625,630,636
紙紮	625,630,636
花籃	625,630,636
花禮	625,630,636
水果禮	625,630,636
水果籃	625,630,636
壽衣	625,630,636
罐頭塔	625,630,636
棺木	625,630,636
骨灰罈	625,630,636
佛供燈	625,630,636
燭台	625,630,636
佛珠	625,630,636
佛像	625,630,636
念經機	625,630,636
撲克牌	625,630,637
氣球	625,630,637
面具	625,630,637
禮物盒	625,630,637
紙杯	625,630,637
花球	625,630,638
喜糖禮盒	625,630,638
紅包	625,630,638
禮單	625,630,638
糖果盒	625,630,638
禮金本	625,630,638
捧花	625,630,638
頭紗	625,630,638
糖果袋	625,630,638
喜糖袋	625,630,638
花籃	625,630,638
禮炮	625,630,638
結婚氣球	625,630,638
彩球	625,630,638
彩帶	625,630,638
花球	625,630,638
伴手禮盒	625,630,638
簽到本	625,630,638
花捧	625,630,638
胸花	625,630,638
酒瓶套	625,630,638
花束	625,630,639
香皂花	625,630,639
小熊花束	625,630,639
鮮花	625,630,639
玫瑰花	625,630,639
景觀	625,630,640
灑水壺	625,630,640
盆景	625,630,640
盆栽	625,630,640
盆栽裝飾	625,630,640
有機肥	625,630,640
灑肥機	625,630,640
播種機	625,630,640
葉肥	625,630,640
花肥	625,630,640
通用肥	625,630,640
割草機	625,630,640
傘桶	625,630,640
驅鳥器	625,630,640
鏟子	625,630,640
郵筒	625,630,640
噴霧器	625,630,640
噴壺	625,630,640
假花	625,630,640
仿真花	625,630,640
花盆	625,630,640
佛像	625,630,641
聚寶盆	625,630,641
八卦鏡	625,630,641
瑪瑙	625,630,641
佛珠	625,630,641
水晶球	625,630,641
紫水晶	625,630,641
菩提子	625,630,641
八卦鏡	625,630,641
招財貓	625,630,641
鹽燈	625,630,641
佛燈	625,630,641
水晶手鍊	625,630,641
香爐	625,630,641
五帝錢	625,630,641
六帝錢	625,630,641
葫蘆	625,630,641
銅錢	625,630,641
風水盤	625,630,641
護身符	625,630,641
平安符	625,630,641
開運吊飾	625,630,641
紫晶洞	625,630,641
貔貅	625,630,641
銅鈴噹	625,630,641
銅風鈴	625,630,641
獅咬劍	625,630,641
碧璽	625,630,641
玩偶	625,630,642
娃娃	625,630,642
玩具	625,630,642
LOMO小卡	625,630,645
照片寫真紙	625,630,645
韓星商品	625,630,645
展示架	625,648,649
整理架	625,648,649
收納架	625,648,649
文件架	625,648,649
床台	625,648,651
床框	625,648,651
床架	625,648,651
床座	625,648,651
折疊床	625,648,651
床墊	625,648,652
彈簧床	625,648,652
床頭櫃	625,648,653
收納櫃	625,648,653
床套	625,648,654
床組	625,648,654
棉被	625,648,654
床單	625,648,654
床被	625,648,654
床包	625,648,654
枕頭	625,648,654
抱枕	625,648,654
涼蓆	625,648,654
竹蓆	625,648,654
涼墊	625,648,654
床罩	625,648,654
睡墊	625,648,654
涼被	625,648,654
毛毯	625,648,654
蓋毯	625,648,654
毯子	625,648,654
被子	625,648,654
沙發	625,648,655
沙發床	625,648,655
沙發椅	625,648,655
懶骨頭	625,648,655
躺椅	625,648,655
靠背椅	625,648,655
座凳	625,648,655
兒童書桌	625,648,656
兒童床	625,648,656
學習桌	625,648,656
兒童沙發	625,648,656
兒童座椅	625,648,656
餐椅	625,648,656
兒童椅	625,648,656
玩具收納箱	625,648,656
腳蹬	625,648,656
兒童桌椅	625,648,656
嬰兒床	625,648,656
屏風	625,648,657
折屏	625,648,657
小茶几	625,648,658
床架	625,648,658
衣帽架	625,648,658
桌	625,648,658
櫃	625,648,658
衣架	625,648,658
掛架	625,648,658
支架	625,648,658
木桶	625,648,658
收納盒	625,648,659
收納箱	625,648,659
面紙盒	625,648,659
紙巾盒	625,648,659
抽紙盒	625,648,659
收納籃	625,648,659
面紙套	625,648,659
收納袋	625,648,659
紙巾架	625,648,659
整理箱	625,648,659
壓縮袋	625,648,659
書桌	625,648,660
電腦桌	625,648,660
咖啡桌	625,648,660
吧蹬	625,648,660
梯蹬	625,648,660
辦公椅	625,648,660
餐椅	625,648,660
餐桌	625,648,660
辦公椅	625,648,660
鏡台	625,648,660
化裝桌	625,648,660
化裝椅	625,648,660
躺椅	625,648,660
折椅	625,648,660
麻將桌	625,648,660
凳子	625,648,660
圓凳	625,648,660
換鞋蹬	625,648,660
折疊椅	625,648,660
收納蹬	625,648,660
茶几	625,648,661
邊桌	625,648,661
優渥實木	625,648,662
收納盒	625,648,663
收納箱	625,648,663
面紙盒	625,648,663
紙巾盒	625,648,663
抽紙盒	625,648,663
收納籃	625,648,663
面紙套	625,648,663
收納袋	625,648,663
紙巾架	625,648,663
整理箱	625,648,663
壓縮袋	625,648,663
衣架	625,648,663
電腦椅	625,648,664
電腦桌	625,648,664
電競椅	625,648,664
辦公桌	625,648,664
辦公椅	625,648,664
會議桌	625,648,664
主機櫃	625,648,664
工作桌	625,648,664
影印機	625,648,664
複印機	625,648,664
掃描機	625,648,664
層架桌	625,648,664
櫥櫃	625,648,665
書櫃	625,648,665
層架	625,648,665
鋼架	625,648,665
鞋架	625,648,665
鞋櫃	625,648,665
書架	625,648,665
電視櫃	625,648,665
衣櫃	625,648,665
展示櫃	625,648,665
高低櫃	625,648,665
斗櫃	625,648,665
雜誌架	625,648,665
床頭櫃	625,648,665
化妝台	625,648,665
浴櫃	625,648,665
櫥櫃	625,648,972
層架	625,648,972
鋼架	625,648,972
衣櫃	625,648,972
手推車	625,648,666
保險櫃	625,648,666
展示架	625,667,668
整理架	625,667,668
收納架	625,667,668
文件架	625,667,668
地毯	625,667,669
地墊	625,667,669
踏墊	625,667,669
站板	625,667,669
門墊	625,667,669
防滑墊	625,667,669
腳墊	625,667,669
坐墊	625,667,670
護腰	625,667,670
蒲團	625,667,670
臀墊	625,667,670
沙發套	625,667,671
沙發罩	625,667,671
沙發涼蓆	625,667,671
沙發坐墊	625,667,671
沙發墊	625,667,671
掛毯	625,667,672
掛畫	625,667,672
相框	625,667,672
鑰匙盒	625,667,672
水晶球	625,667,672
窗花	625,667,672
假花	625,667,672
風鈴	625,667,672
捕夢網	625,667,672
招財擺件	625,667,672
酒架	625,667,672
盆栽	625,667,672
裝飾畫	625,667,672
擺飾	625,667,672
擺件	625,667,672
花瓶	625,667,672
花器	625,667,672
拖鞋	625,667,673
垃圾桶	625,667,673
室內鞋	625,667,673
室內拖	625,667,673
面紙盒	625,667,673
紙巾盒	625,667,673
抽紙盒	625,667,673
音樂盒	625,667,673
香氛	625,667,673
蠟燭	625,667,673
擴香	625,667,673
香竹	625,667,673
音樂盒	625,667,673
鬧鐘	625,667,674
定時器	625,667,674
時鐘	625,667,674
桌墊	625,667,675
桌巾	625,667,675
桌布	625,667,675
桌旗	625,667,675
餐墊	625,667,675
桌腳套	625,667,676
椅腳套	625,667,676
蚊帳	625,667,677
睡簾	625,667,677
門帳	625,667,677
玩偶	625,667,678
娃娃	625,667,678
絨毛玩具	625,667,678
床套	625,667,679
床組	625,667,679
棉被	625,667,679
床單	625,667,679
床被	625,667,679
床包	625,667,679
枕頭	625,667,679
抱枕	625,667,679
涼蓆	625,667,679
竹蓆	625,667,679
涼墊	625,667,679
床罩	625,667,679
睡墊	625,667,679
涼被	625,667,679
毛毯	625,667,679
蓋毯	625,667,679
毯子	625,667,679
被子	625,667,679
壁貼	625,667,680
壁紙	625,667,680
窗簾	625,667,681
門簾	625,667,681
浴簾	625,667,681
鏡子	625,667,682
化妝鏡	625,667,682
全身鏡	625,667,682
立鏡	625,667,682
掛鏡	625,667,682
桌鏡	625,667,682
掛毯	625,667,683
掛畫	625,667,683
相框	625,667,683
鑰匙盒	625,667,683
水晶球	625,667,683
窗花	625,667,683
假花	625,667,683
風鈴	625,667,683
捕夢網	625,667,683
招財擺件	625,667,683
酒架	625,667,683
盆栽	625,667,683
裝飾畫	625,667,683
擺飾	625,667,683
擺件	625,667,683
花瓶	625,667,683
花器	625,667,683
嬰幼傢俱	625,667,973
嬰幼寢具	625,667,973
磨刀石	625,685,686
切菜器	625,685,686
砧板	625,685,686
刀具	625,685,686
刀座	625,685,686
刀架	625,685,686
刨絲器	625,685,686
鬆肉針	625,685,686
削皮器	625,685,686
擦絲器	625,685,686
切片器	625,685,686
刨刀	625,685,686
菜刀	625,685,686
陶瓷刀	625,685,686
鋼刀	625,685,686
剁刀	625,685,686
水果刀	625,685,686
生魚片刀	625,685,686
薄片刀	625,685,686
冷凍刀	625,685,686
麵包刀	625,685,686
肉刀	625,685,686
去魚鱗刀	625,685,686
比薩刀	625,685,686
輪刀	625,685,686
廚房剪	625,685,686
料理剪	625,685,686
廚房剪刀	625,685,686
輔食剪刀	625,685,686
錘肉器	625,685,686
馬克杯	625,685,687
陶瓷杯	625,685,687
酒杯	625,685,687
茶杯	625,685,687
咖啡杯	625,685,687
杯蓋	625,685,687
保溫杯	625,685,687
水杯	625,685,687
高腳杯	625,685,687
玻璃杯	625,685,687
摺疊杯	625,685,687
環保杯	625,685,687
塑膠杯	625,685,687
琺瑯杯	625,685,687
木杯	625,685,687
雙層杯	625,685,687
啤酒杯	625,685,687
紙杯	625,685,687
開水壺	625,685,689
熱水瓶	625,685,689
保溫杯	625,685,689
保溫瓶	625,685,689
冷水壺	625,685,689
水壺	625,685,689
保溫袋	625,685,689
茶壺	625,685,689
茶杯	625,685,689
茶具	625,685,689
收納架	625,685,691
瀝水架	625,685,691
瀝水籃	625,685,691
碗櫃	625,685,691
臉盆架	625,685,691
碗碟架	625,685,691
杯架	625,685,691
筷擺	625,685,691
湯勺架	625,685,691
餐具收納	625,685,691
紙巾架	625,685,691
垃圾袋掛架	625,685,691
杯架	625,685,691
封口夾	625,685,691
保鮮膜	625,685,691
保鮮袋	625,685,691
密封袋	625,685,691
封口機	625,685,691
密封罐	625,685,691
蔡罩	625,685,691
真空包裝機	625,685,691
調味料瓶	625,685,691
調料罐	625,685,691
調料盒	625,685,691
筷子架	625,685,691
筷子筒	625,685,691
菜瓜布	625,685,691
洗碗巾	625,685,691
科技泡棉	625,685,691
刨冰機	625,685,692
榨汁機	625,685,692
果汁機	625,685,692
烘碗機	625,685,692
洗碗機	625,685,692
濾水壺	625,685,692
淨水器	625,685,692
流理臺	625,685,692
過濾器	625,685,692
碗	625,685,693
盤	625,685,693
筷	625,685,693
湯匙	625,685,693
叉	625,685,693
杓	625,685,693
刀	625,685,693
攪拌匙	625,685,693
醬料碟	625,685,693
小菜碟	625,685,693
餐具	625,685,693
吸管	625,685,693
便當盒	625,685,693
保溫盒	625,685,693
隔熱墊	625,685,693
鑄鐵鍋	625,685,694
琺瑯鍋	625,685,694
炒鍋	625,685,694
不沾鍋	625,685,694
平底鍋	625,685,694
雪平鍋	625,685,694
砂鍋	625,685,694
陶鍋	625,685,694
快鍋	625,685,694
壓力鍋	625,685,694
燜燒鍋	625,685,694
湯鍋	625,685,694
燉鍋	625,685,694
煎鍋	625,685,694
烤鍋	625,685,694
蒸籠	625,685,694
蒸鍋	625,685,694
不鏽鋼煉鍋	625,685,694
電磁爐	625,685,694
氣炸鍋	625,685,694
鍋	625,685,694
盤	625,685,694
三溫暖	625,696,697
毛巾	625,696,698
浴袍	625,696,698
浴巾	625,696,698
浴帽	625,696,698
髮帽	625,696,698
擦拭巾	625,696,698
毛巾架	625,696,699
水瓢	625,696,700
水勺	625,696,700
水龍頭	625,696,701
牙刷架	625,696,702
牙膏機	625,696,703
牙膏器	625,696,703
免治沖洗馬桶座	625,696,704
乳液瓶	625,696,705
乳液罐	625,696,705
浴盆	625,696,706
澡盆	625,696,706
面盆	625,696,706
垃圾筒	625,696,707
泡腳桶	625,696,708
足浴桶	625,696,708
泡澡桶	625,696,709
肥皂架	625,696,710
肥皂盒	625,696,710
淋浴組	625,696,711
洗澡玩具	625,696,713
面盆	625,696,714
臉盆	625,696,714
桑拿箱	625,696,715
蒸腳浴	625,696,715
汗蒸箱	625,696,715
毛巾	625,696,716
浴袍	625,696,716
浴巾	625,696,716
浴帽	625,696,716
髮帽	625,696,716
擦拭巾	625,696,716
扶手	625,696,717
防滑墊	625,696,717
欄杆	625,696,717
拖鞋	625,696,718
踏墊	625,696,719
防滑墊	625,696,719
浴缸	625,696,720
浴盆	625,696,720
浴袍	625,696,721
浴帽	625,696,722
浴櫃	625,696,723
浴簾	625,696,724
馬桶	625,696,725
馬桶蓋	625,696,725
疏通器	625,696,726
耐壓管	625,696,726
導水管	625,696,726
掛勾	625,696,727
拉門	625,696,728
淋浴柱	625,696,729
清潔劑	625,696,731
芳香球	625,696,731
馬桶刷	625,696,731
洗護球	625,696,731
清潔球	625,696,731
給皂機	625,696,732
給皂器	625,696,732
暖風機	625,696,733
置物架	625,696,734
置物環	625,696,734
漱口杯	625,696,735
熱水器	625,696,736
蓮蓬頭	625,696,737
衛生紙架	625,696,738
鏡子	625,696,739
鏡箱	625,696,739
浴室收納	625,696,740
衛浴用品	625,696,740
牙刷	625,860,861
嗽口水	625,860,861
牙線	625,860,861
成人紙尿褲	625,860,863
復健褲	625,860,863
蘇打粉	625,860,864
清潔劑	625,860,864
洗衣皂	625,860,864
去污粉	625,860,864
衛生紙	625,860,867
紙巾	625,860,867
面紙	625,860,867
衛生棉	625,860,868
護墊	625,860,868
棉條	625,860,868
月亮杯	625,860,868
收納籃	625,860,869
換衣台	625,860,869
護理台	625,860,869
暖暖包	625,860,869
照明燈	625,870,871
彈簧籠	625,870,871
魚缸	625,870,871
過濾器	625,870,871
水族箱	625,870,871
潛水燈	625,870,871
增氧汞	625,870,871
餌	625,870,871
飼料	625,870,871
水草區	625,870,871
水質試劑	625,870,871
溫度設備	625,870,871
照明設備	625,870,871
過濾濾材	625,870,871
過濾設備	625,870,871
空氣幫浦	625,870,871
壓力錶	625,870,871
鋼瓶	625,870,871
飼料	625,870,872
零食	625,870,872
罐頭	625,870,872
鮮食	625,870,872
餐盒	625,870,872
保健食品	625,870,872
提籠	625,870,872
推車	625,870,872
狗籠	625,870,872
狗屋	625,870,872
床組	625,870,872
狗衣服	625,870,872
牽繩	625,870,872
胸帶	625,870,872
項圈	625,870,872
名牌	625,870,872
吊牌	625,870,872
餐具	625,870,872
玩具	625,870,872
飼料	625,870,873
零食	625,870,873
罐頭	625,870,873
鮮食	625,870,873
餐盒	625,870,873
保健食品	625,870,873
兔窩	625,870,873
鼠籠	625,870,873
飼料	625,870,874
罐頭	625,870,874
鮮食	625,870,874
餐包	625,870,874
保健食品	625,870,874
零食	625,870,874
貓砂	625,870,874
貓籠	625,870,874
貓抓板	625,870,874
貓砂盆	625,870,874
貓跳台	625,870,874
貓項圈	625,870,874
化毛膏	625,870,874
玩具\n	625,870,874
刷子	625,870,875
項圈	625,870,875
鞋	625,870,875
衣	625,870,875
砂盆	625,870,875
籠	625,870,875
墊子	625,870,875
沙灘鞋	742,743,744
防滑鞋	742,743,744
登山鞋	742,743,744
雪鞋	742,743,744
溯溪鞋	742,743,744
排汗襪	742,743,744
彈性襪	742,743,744
紳士襪	742,743,744
雪襪	742,743,744
雨鞋	742,743,744
徒步鞋	742,743,744
行李箱	742,743,745
登機箱	742,743,745
旅行箱	742,743,745
拉桿箱	742,743,745
行李箱套	742,743,974
行李箱罩	742,743,974
防塵罩	742,743,974
機能衣	742,743,747
發熱衣	742,743,747
羽絨外套	742,743,747
羽絨背心	742,743,747
機能外套	742,743,747
機能風衣	742,743,747
保暖長褲	742,743,747
防潑水外套	742,743,747
長袖排汗內衣	742,743,747
風箏	742,743,748
短袖排汗內衣	742,743,749
排汗背心	742,743,749
泳衣罩衫	742,743,749
抗UV褲	742,743,749
抗UV上衣	742,743,749
透氣內褲	742,743,749
保溫杯	742,743,751
保溫瓶	742,743,751
保冰瓶	742,743,751
咖啡杯	742,743,751
隨行杯	742,743,751
環保杯	742,743,751
冷水瓶	742,743,751
旅行袋	742,743,752
木桿	742,743,753
推桿	742,743,753
鐵桿	742,743,753
練習墊	742,743,753
高爾夫球袋	742,743,753
高爾夫手套	742,743,753
高爾夫球袋	742,743,753
捲線器	742,743,754
釣竿	742,743,754
浮標	742,743,754
釣魚桶	742,743,754
釣魚包	742,743,754
籠	742,743,754
釣魚馬甲	742,743,754
漁網	742,743,754
釣椅	742,743,754
測魚器	742,743,754
魚竿包	742,743,754
釣魚望遠眼鏡	742,743,754
登山背包	742,743,755
帳篷	742,743,756
客廳帳	742,743,756
天幕	742,743,756
營柱	742,743,756
營釘	742,743,756
配件	742,743,756
睡袋	742,743,756
睡墊	742,743,756
吊床	742,743,756
保冰桶	742,743,756
行動冰箱	742,743,756
炊具	742,743,756
爐具	742,743,756
餐具	742,743,756
戶外桌椅	742,743,756
營燈	742,743,756
照明	742,743,756
運動水壺	742,743,756
鋼瓶	742,743,756
登山杖	742,743,756
指南針	742,743,756
瑞士刀	742,743,975
折疊刀	742,743,975
直刀	742,743,975
魚雷浮標	742,743,757
救生衣	742,743,757
水母衣	742,743,757
衝浪衣	742,743,757
衝浪褲	742,743,757
潛水防寒衣	742,743,757
潛水防寒手套	742,743,757
防滑套鞋	742,743,757
潛水背心	742,743,757
矽膠面鏡	742,743,757
呼吸管	742,743,757
潛水裝備箱	742,743,757
橡膠蛙鞋	742,743,757
防寒頭套	742,743,757
手電筒	742,743,757
彈性連接鉤扣	742,743,757
防水袋	742,743,757
鉛塊	742,743,757
潛水刀	742,743,757
潛水錶	742,743,757
望遠鏡	742,743,758
紅外線電熱背心	742,743,758
加油棒	742,743,758
雨衣	742,743,976
雨傘	742,743,976
雨鞋	742,743,976
安全帽	742,760,761
頭盔	742,760,761
行車紀錄器	742,760,762
行車記錄儀	742,760,762
反光貼	742,760,763
防擦貼條	742,760,763
自動充電器	742,760,763
排氣管	742,760,763
車尾箱	742,760,763
剎車燈	742,760,763
火輪燈	742,760,763
轉向燈	742,760,764
吊飾	742,760,764
座椅扶手	742,760,764
踏板	742,760,764
照地投影燈	742,760,764
氣嘴	742,760,764
行李架	742,760,764
千斤頂	742,760,764
方向盤助力球	742,760,764
龍頭平衡桿	742,760,764
胎壓表	742,760,764
電瓶充電器	742,760,764
火心塞	742,760,764
方向盤鎖	742,760,764
安全鎚	742,760,764
防撞警示燈	742,760,765
手機支架	742,760,765
雨刷修復器	742,760,765
清潔器	742,760,765
活性碳濾網	742,760,765
方向盤套	742,760,765
車用吸塵器	742,760,765
天線	742,760,765
車載藍芽撥放	742,760,766
接收器	742,760,766
轉速表	742,760,766
車用手機充電器	742,760,766
導航機	742,760,766
防滑塊	742,760,767
護膝	742,760,767
護肘	742,760,767
防摔褲	742,760,767
防摔衣	742,760,767
手套	742,760,767
車靴	742,760,767
防摔護胸	742,760,767
袖套	742,760,767
腳踏車	742,760,768
自行車	742,760,768
學步車	742,760,768
滑步車	742,760,768
越野單車	742,760,768
自行車架	742,760,769
打氣筒	742,760,769
自行車燈	742,760,769
水壺包	742,760,769
單車鎖	742,760,769
自行車兒童座椅	742,760,769
後尾包	742,760,769
鈴鐺喇叭	742,760,769
馱包	742,760,769
後視鏡	742,760,769
反光燈	742,760,769
火箭筒	742,760,769
水杯架	742,760,769
頭盔	742,760,770
手套	742,760,770
雨衣	742,760,770
護目鏡	742,760,770
太陽眼鏡	742,760,770
袖套	742,760,770
頭巾	742,760,770
車褲	742,760,770
騎行服	742,760,770
坐墊	742,760,771
火箭筒	742,760,771
剎車皮	742,760,771
剎車把手	742,760,771
傘架	742,760,771
碼表	742,760,771
尾燈	742,760,771
反光鏡	742,760,771
煞車線	742,760,771
擋泥板	742,760,771
電動腳踏車	742,760,772
雙輪平衡車	742,760,772
單輪平衡車	742,760,772
電動滑板車	742,760,772
電動自行車	742,760,772
電動腳踏車	742,760,773
雙輪平衡車	742,760,773
單輪平衡車	742,760,773
電動滑板車	742,760,773
電動自行車	742,760,773
電動機車	742,760,773
衛星導航	742,760,774
GPS	742,760,774
機車	742,760,775
摩托車	742,760,775
車尾箱	742,760,776
雨傘支架	742,760,776
電瓶充電器	742,760,776
車罩	742,760,776
火心塞	742,760,776
手機支架	742,760,776
充電電瓶	742,760,776
擋雨蓬	742,760,776
車鎖	742,760,776
避震器	742,760,776
離合器	742,760,776
擋風被	742,760,777
手套	742,760,777
雨衣	742,760,777
後備箱	742,760,777
防摔褲	742,760,777
防摔衣	742,760,777
慢跑褲	742,779,780
雪衣	742,779,780
登山褲	742,779,780
游泳褲	742,779,780
緊身衣	742,779,780
緊身長褲	742,779,780
登山外套	742,779,780
緊身短褲	742,779,780
打底褲	742,779,780
棉褲	742,779,780
連帽外套	742,779,780
排汗衣	742,779,780
束口褲	742,779,780
工作褲	742,779,780
滑雪褲	742,779,780
雙肩背包	742,779,781
手提包	742,779,781
束口袋	742,779,781
運動背包	742,779,781
登山背包	742,779,781
健身包	742,779,781
運動帽	742,779,782
鴨舌帽	742,779,782
棒球帽	742,779,782
慢跑鞋	742,779,783
防水鞋	742,779,783
休閒鞋	742,779,783
登山鞋	742,779,783
滑板鞋	742,779,783
健行鞋	742,779,783
籃球鞋	742,779,783
雪靴	742,779,783
排球鞋	742,779,783
運動腰包	742,779,784
慢跑鞋	742,779,785
防水鞋	742,779,785
休閒鞋	742,779,785
登山鞋	742,779,785
滑板鞋	742,779,785
健行鞋	742,779,785
籃球鞋	742,779,785
雪靴	742,779,785
排球鞋	742,779,785
運動襪	742,779,786
健走襪	742,779,786
保暖襪	742,779,786
防滑襪	742,779,786
氣墊襪	742,779,786
慢跑褲	742,779,977
雪衣	742,779,977
登山褲	742,779,977
游泳褲	742,779,977
緊身衣	742,779,977
緊身長褲	742,779,977
登山外套	742,779,977
緊身短褲	742,779,977
打底褲	742,779,977
棉褲	742,779,977
連帽外套	742,779,977
排汗衣	742,779,977
束口褲	742,779,977
工作褲	742,779,977
滑雪褲	742,779,977
泳衣	742,779,787
泳褲	742,779,787
比基尼	742,779,787
罩衫	742,779,787
海灘褲	742,779,787
MIT	742,789,790
腳趾矯正器	742,789,791
頸椎牽引器	742,789,791
腰椎牽引器	742,789,791
駝背矯正帶	742,789,791
健身手套	742,789,791
護膝	742,789,791
按摩球	742,789,791
束腿帶	742,789,791
飛輪車	742,789,794
跑步機	742,789,794
健身墊	742,789,794
拉筋板	742,789,794
仰臥板.滾輪	742,789,794
啞鈴	742,789,794
跳繩	742,789,794
握力器	742,789,794
拉力器	742,789,794
沙包	742,789,794
跳床	742,789,794
彈力繩	742,789,794
計步器	742,789,794
籃球	742,789,795
排球	742,789,795
高爾夫球	742,789,795
羽球	742,789,795
手球拍	742,789,795
足球	742,789,795
棒球	742,789,795
棒球棒	742,789,795
溜溜球	742,789,795
桌球	742,789,795
桌球拍	742,789,795
網球	742,789,795
網球拍	742,789,795
發球機	742,789,795
網球網架	742,789,795
籃球架	742,789,795
足球框	742,789,795
桌球網架	742,789,795
桌球桌	742,789,795
棒球手套	742,789,795
橄欖球	742,789,795
瑜珈球	742,789,795
即享券	824,825,826
餐券	824,825,826
套餐	824,825,826
下午茶	824,825,826
雙人券	824,825,826
即享券	824,825,827
餐券	824,825,827
套餐	824,825,827
下午茶	824,825,827
雙人券	824,825,827
即享券	824,825,830
餐券	824,825,830
套餐	824,825,830
吃到飽	824,825,830
情人餐	824,825,830
下午茶	824,825,830
雙人券	824,825,830
即享券	824,825,978
餐券	824,825,978
套餐	824,825,978
吃到飽	824,825,978
情人餐	824,825,978
下午茶	824,825,978
雙人券	824,825,978
即享券	824,825,832
餐券	824,825,832
套餐	824,825,832
吃到飽	824,825,832
情人餐	824,825,832
下午茶	824,825,832
雙人券	824,825,832
即享券	824,825,833
餐券	824,825,833
套餐	824,825,833
情人餐	824,825,833
下午茶	824,825,833
雙人券	824,825,833
即享券	824,825,834
餐券	824,825,834
套餐	824,825,834
吃到飽	824,825,834
情人餐	824,825,834
下午茶	824,825,834
雙人券	824,825,834
即享券	824,825,835
餐券	824,825,835
套餐	824,825,835
吃到飽	824,825,835
情人餐	824,825,835
下午茶	824,825,835
雙人券	824,825,835
即享券	824,825,828
餐券	824,825,828
套餐	824,825,828
吃到飽	824,825,828
情人餐	824,825,828
下午茶	824,825,828
雙人券	824,825,828
即享券	824,825,829
餐券	824,825,829
套餐	824,825,829
吃到飽	824,825,829
情人餐	824,825,829
下午茶	824,825,829
雙人券	824,825,829
即享券	824,825,831
咖啡	824,825,831
茶	824,825,831
冰沙	824,825,831
那堤	824,825,831
瑪奇朵	824,825,831
即享券	824,825,836
餐券	824,825,836
套餐	824,825,836
吃到飽	824,825,836
情人餐	824,825,836
下午茶	824,825,836
咖啡	824,825,836
冰淇淋	824,825,836
茶	824,825,836
冰沙	824,825,836
那堤	824,825,836
瑪奇朵	824,825,836
雙人券	824,825,836
即享券	824,825,837
燒肉券	824,825,837
雙人券	824,825,837
即享券	824,825,838
餐券	824,825,838
套餐	824,825,838
饗宴	824,825,838
雙人券	824,825,838
指壓	824,839,844
按摩	824,839,844
SPA	824,839,844
油壓	824,839,844
舒壓	824,839,844
護理	824,839,844
沙龍	824,839,844
課程	824,839,844
體驗	824,839,844
漆蛋	824,839,846
打靶	824,839,846
足球	824,839,846
體驗	824,839,846
電影票	824,839,847
單人票	824,839,848
雙人票	824,839,848
全票	824,839,848
套票	824,839,848
優惠票	824,839,848
洗衣	824,839,849
清潔保養	824,839,849
門票	824,839,850
單人票	824,839,850
暢遊券	824,839,850
暢遊票	824,839,850
餐券	824,839,850
優惠票	824,839,850
全票	824,839,850
親子券	824,839,850
包日券	824,839,850
時段券	824,839,850
遊園券	824,839,850
兌換券	824,839,850
包廂券	824,839,850
體驗券	824,839,850
即享券	824,839,850
住宿	824,851,852
住宿券	824,851,852
休息券	824,851,852
泡湯券	824,851,853
湯屋	824,851,853
溫泉	824,851,853
SPA	824,851,853
門票	824,851,854
單人票	824,851,854
暢遊券	824,851,854
暢遊票	824,851,854
餐券	824,851,854
優惠票	824,851,854
全票	824,851,854
親子券	824,851,854
包日券	824,851,854
時段券	824,851,854
遊園券	824,851,854
兌換券	824,851,854
包廂券	824,851,854
體驗券	824,851,854
即享券	824,851,854
禮車券	824,851,855
婚車券	824,851,855
出租券	824,851,855
租車券	824,851,855
住宿	824,851,856
住宿券	824,851,856
休息券	824,851,856
口罩	877,888,889
消毒器	877,888,890
消毒機	877,888,890
抗菌液	877,888,890
濕紙巾	877,888,890
乾洗手	877,888,890
酒精	877,888,890
坐墊紙	877,888,890
清涼劑	877,888,891
止汗劑	877,888,891
爽身劑	877,888,891
衛生棉	877,888,892
護墊	877,888,892
棉條	877,888,892
月亮杯	877,888,892
隱形眼鏡清潔液	877,888,893
隱形眼鏡保養液	877,888,893
拐杖	877,888,894
助行器	877,888,894
輪椅	877,888,894
氣墊床	877,888,894
氣墊座	877,888,894
病床	877,888,894
聽診器	877,888,894
吸鼻器	877,888,894
洗鼻器	877,888,894
助聽器	877,888,894
採血筆	877,888,894
採血針	877,888,894
拍痧棒	877,888,894
刮痧板	877,888,894
按摩器材	877,888,894
測試儀	877,888,894
拔罐器(Y超分類)	877,888,894
漱口水	877,888,895
漱口液	877,888,895
藥皂	877,888,896
洗手露	877,888,896
噴劑	877,888,896
藥油	877,888,897
藥膏	877,888,897
矯正器	877,888,899
彈性襪	877,888,899
鞋墊	877,888,899
牙線	877,888,899
牙膏	877,888,899
漱口水	877,888,899
清潔錠	877,888,899
牙刷	877,888,899
美白凝膠	877,888,899
美白貼片	877,888,899
潔牙儀	877,888,899
體脂計	877,888,900
體重計	877,888,900
導管	877,888,901
緩衝液	877,888,901
移位帶	877,888,901
便盆	877,888,901
護眼貼	877,888,901
止血帶	877,888,901
看護床	877,888,901
牽引器	877,888,901
輔助帶	877,888,901
二手書	902,903,904
傳記	902,903,904
地理	902,903,904
歷史	902,903,904
宗教	902,903,904
二手書	902,903,905
雜誌	902,903,905
二手書	902,903,906
親子	902,903,906
心理	902,903,906
勵志	902,903,906
兩性	902,903,906
心靈	902,903,906
二手書	902,903,907
翻譯小說	902,903,907
文學	902,903,907
一般小說	902,903,907
言情小說	902,903,907
武俠小說	902,903,907
短篇	902,903,907
二手書	902,903,908
美容	902,903,908
收藏	902,903,908
餐飲	902,903,908
嗜好	902,903,908
旅遊	902,903,908
園藝	902,903,908
寵物	902,903,908
美工	902,903,908
狗	902,903,908
貓	902,903,908
插花	902,903,908
DIY	902,903,908
旅遊	902,903,908
體育	902,903,908
傳記	902,903,908
星相	902,903,908
命理	902,903,908
占卜	902,903,908
體育	902,903,908
設計	902,903,908
二手書	902,903,909
大學	902,903,909
高中	902,903,909
國中小	902,903,909
進修考試	902,903,909
語言學習	902,903,909
二手書	902,903,910
科學	902,903,910
動植物	902,903,910
二手書	902,903,911
社會	902,903,911
政治	902,903,911
法律	902,903,911
傳記	902,903,911
軍事	902,903,911
二手書	902,903,912
原文小說	902,903,912
二手書	902,903,913
股票	902,903,913
財經	902,903,913
投資	902,903,913
傳記	902,903,913
行銷	902,903,913
溝通	902,903,913
二手書	902,903,914
漫畫	902,903,914
二手書	902,903,915
電腦	902,903,915
網路	902,903,915
二手書	902,903,916
語言學習	902,903,916
二手書	902,903,917
少年童書	902,903,917
兒童文學	902,903,917
簡體書	902,903,918
二手書	902,903,919
養生	902,903,919
保健	902,903,919
醫療	902,903,919
二手書	902,903,920
設計	902,903,920
音樂	902,903,920
傳記	902,903,920
繪本	902,903,920
藝術	902,903,920
攝影	902,903,920
影視	902,903,920
廣告	902,903,920
音樂	902,903,920
二手書	902,903,921
相簿	902,922,923
相本	902,922,923
相冊	902,922,923
收藏冊	902,922,923
檔案夾	902,922,923
文件夾	902,922,923
文件袋	902,922,923
收納盒	902,922,923
風琴夾	902,922,923
公文袋	902,922,923
資料簿	902,922,923
資料本	902,922,923
資料架	902,922,923
筆盒	902,922,923
筆袋	902,922,923
筆筒	902,922,923
筆桶	902,922,923
書架	902,922,923
書擋	902,922,923
置物架	902,922,923
書立架	902,922,923
桌墊	902,922,923
收納包	902,922,923
整理架	902,922,923
書包	902,922,923
橡皮擦	902,922,924
修正帶	902,922,924
修正液	902,922,924
橡擦	902,922,924
矯正器	902,922,924
保護器	902,922,924
護眼器	902,922,924
筆芯	902,922,925
替芯	902,922,925
水筆	902,922,925
鉛筆	902,922,925
自動筆	902,922,925
自動鉛筆	902,922,925
中性筆	902,922,925
油性筆	902,922,925
水性筆	902,922,925
圓珠筆	902,922,925
毛筆	902,922,925
墨汁	902,922,925
墨水	902,922,925
卡水	902,922,925
螢光筆	902,922,925
彩色筆	902,922,925
水彩筆	902,922,925
印章筆	902,922,925
奇異筆	902,922,925
試色筆	902,922,925
簽字筆	902,922,925
白板筆	902,922,925
原子筆	902,922,925
鋼珠筆	902,922,925
鋼筆	902,922,925
剛筆	902,922,925
鋼筆水	902,922,925
辦公筆	902,922,925
美工筆	902,922,925
紅包	902,922,926
便利貼	902,922,926
手繪本	902,922,926
用紙	902,922,926
字帖	902,922,926
扇	902,922,926
列印紙	902,922,926
噴墨專用紙	902,922,926
卡紙	902,922,926
影印紙	902,922,926
名片紙	902,922,926
紙	902,922,926
電腦標籤	902,922,926
相片紙	902,922,926
收銀紙	902,922,926
報表紙	902,922,926
獎狀紙	902,922,926
便條紙	902,922,926
便簽	902,922,926
便箋	902,922,926
紙膠帶	902,922,926
紙帶	902,922,926
紙盒	902,922,926
禮物盒	902,922,926
包裝盒	902,922,926
禮品紙	902,922,926
筆記本	902,922,926
活頁紙	902,922,926
手帳	902,922,926
手札	902,922,926
記事本	902,922,926
帳本	902,922,926
內頁	902,922,926
索引貼紙	902,922,926
護貝標籤帶	902,922,926
貼紙	902,922,926
明信片	902,922,926
空白本	902,922,926
備忘錄	902,922,926
日誌	902,922,926
周誌	902,922,926
計畫	902,922,926
卡片	902,922,926
素描本	902,922,926
黑板	902,922,927
白板	902,922,927
點讀機	902,922,927
地球儀	902,922,927
字帖	902,922,927
益智玩具	902,922,927
圓規	902,922,930
尺	902,922,930
放大鏡	902,922,930
桌墊	902,922,930
剪刀	902,922,930
長尺計算機	902,922,930
製圖板	902,922,930
三角板	902,922,930
製圖鉛筆	902,922,930
代針筆	902,922,930
計算機	902,922,931
釘書機	902,922,931
釘書器	902,922,931
釘書針	902,922,931
打孔機	902,922,931
剪刀	902,922,931
美工刀	902,922,931
削筆機	902,922,931
削筆器	902,922,931
筆刀	902,922,931
削鉛筆機	902,922,931
削鉛筆器	902,922,931
刨筆	902,922,931
印章	902,922,931
印泥	902,922,931
印台	902,922,931
姓名章	902,922,931
打碼機	902,922,931
白板	902,922,931
黑板	902,922,931
廣告板	902,922,931
電話機	902,922,931
收納盒	902,922,931
碎紙機	902,922,931
護貝膠膜	902,922,931
桌曆	902,922,931
證件卡套	902,922,931
打卡機	902,922,931
強力膠	902,922,932
無痕膠	902,922,932
膠帶	902,922,932
膠布	902,922,932
快乾膠	902,922,932
透明膠	902,922,932
膠水	902,922,932
口紅膠	902,922,932
黏著劑	902,922,932
泡棉膠	902,922,932
色筆	902,922,933
速寫本	902,922,933
畫架	902,922,933
塗鴉板	902,922,933
畫筆	902,922,933
色鉛筆	902,922,933
蠟筆	902,922,933
水彩筆	902,922,933
油畫筆	902,922,933
麥克筆	902,922,933
畫布	902,922,933
畫紙	902,922,933
畫板	902,922,933
顏料	902,922,933
調色盤	902,922,933
水彩	902,922,933
馬克筆	902,922,933
霹靂布袋戲	902,922,934
DVD	902,936,937
電影	902,936,937
紀錄	902,936,937
韓片	902,936,937
華語	902,936,937
西洋	902,936,937
日片	902,936,937
動畫	902,936,937
LD	902,936,938
VCD	902,936,939
大陸劇	902,936,939
台片	902,936,939
韓劇	902,936,939
韓片	902,936,939
港劇	902,936,939
日劇	902,936,939
動畫	902,936,939
電影	902,936,939
CD	902,936,940
唱片	902,936,940
LP	902,936,940
海報	902,936,941
DVD	902,936,942
VCD	902,936,942
影音	902,936,942
電影	902,936,942
錄音帶	902,936,943
空百帶	902,936,943
BD	902,936,944
藍光	902,936,944
人文歷史	902,946,947
中文電子書	902,946,948
中文電子雜誌	902,946,949
中外文雜誌期刊	902,946,950
心理勵志	902,946,951
文學	902,946,952
生活娛樂	902,946,953
考試書	902,946,954
政府出版品	902,946,954
自然科學	902,946,955
社會科學	902,946,956
限制級書籍/寫真	902,946,957
原文書	902,946,958
外文書	902,946,958
原文電子書	902,946,959
財經企管/商業理財	902,946,960
漫畫	902,946,961
電腦資訊	902,946,962
語言學習	902,946,963
辭典	902,946,963
字典	902,946,963
童書	902,946,964
繪本	902,946,964
簡體書籍	902,946,965
醫療書籍	902,946,966
保健書籍	902,946,966
設計書籍	902,946,967
